cruise,date_time_utc,cast,station,niskin,latitude,longitude,depth,alternate_sample_category,depth_category,filter_size,replicate,percent_surface_irradiance,npp_rate,iode_quality_flag,nearest_station,distance,incub_type
EN655,2020-07-25 15:51:33,1,L1,4,41.2031,-70.8803,18.448,D1_GFF,D1,>0,NA,1,12.138,1,L1,0.75,ambient_temp
EN655,2020-07-25 15:51:33,1,L1,4,41.2031,-70.8803,18.448,D1_5,D1,>0&<5,NA,1,8.495,1,L1,0.75,ambient_temp
EN655,2020-07-25 15:51:33,1,L1,4,41.2031,-70.8803,18.448,D1_20,D1,>0&<20,NA,1,8.2,1,L1,0.75,ambient_temp
EN655,2020-07-25 15:54:03,1,L1,9,41.2025,-70.8802,12.926,D2_GFF,D2,>0,NA,10,64.912,1,L1,0.7,ambient_temp
EN655,2020-07-25 15:54:03,1,L1,9,41.2025,-70.8802,12.926,D2_5,D2,>0&<5,NA,10,27.498,1,L1,0.7,ambient_temp
EN655,2020-07-25 15:54:03,1,L1,9,41.2025,-70.8802,12.926,D2_20,D2,>0&<20,NA,10,16.747,1,L1,0.7,ambient_temp
EN655,2020-07-25 15:57:57,1,L1,18,41.2024,-70.8804,2.487,D3_GFF,D3,>0,1,65,16.584,1,L1,0.68,ambient_temp
EN655,2020-07-25 15:57:57,1,L1,18,41.2024,-70.8804,2.487,D3_GFF,D3,>0,2,65,16.918,1,L1,0.68,ambient_temp
EN655,2020-07-25 15:57:57,1,L1,18,41.2024,-70.8804,2.487,D3_GFF,D3,>0,3,65,17.053,1,L1,0.68,ambient_temp
EN655,2020-07-25 15:57:57,1,L1,18,41.2024,-70.8804,2.487,D3_10,D3,>0&<10,1,65,14.94,1,L1,0.68,ambient_temp
EN655,2020-07-25 15:57:57,1,L1,18,41.2024,-70.8804,2.487,D3_10,D3,>0&<10,2,65,36.637,1,L1,0.68,ambient_temp
EN655,2020-07-25 15:57:57,1,L1,18,41.2024,-70.8804,2.487,D3_10,D3,>0&<10,3,65,18.154,1,L1,0.68,ambient_temp
EN655,2020-07-25 15:57:57,1,L1,18,41.2024,-70.8804,2.487,D3_5,D3,>0&<5,NA,65,13.783,1,L1,0.68,ambient_temp
EN655,2020-07-25 15:57:57,1,L1,18,41.2024,-70.8804,2.487,D3_20,D3,>0&<20,NA,65,17.505,1,L1,0.68,ambient_temp
EN655,2020-07-25 18:03:32,2,L2,6,41.0304,-70.8782,30.445,D1_GFF,D1,>0,NA,0.1,6.842,1,L2,0.43,ambient_temp
EN655,2020-07-25 18:03:32,2,L2,6,41.0304,-70.8782,30.445,D1_5,D1,>0&<5,NA,0.1,1.003,1,L2,0.43,ambient_temp
EN655,2020-07-25 18:03:32,2,L2,6,41.0304,-70.8782,30.445,D1_20,D1,>0&<20,NA,0.1,4.101,1,L2,0.43,ambient_temp
EN655,2020-07-25 18:06:02,2,L2,9,41.0304,-70.8779,20.568,D2_GFF,D2,>0,NA,1,41.396,1,L2,0.45,ambient_temp
EN655,2020-07-25 18:06:02,2,L2,9,41.0304,-70.8779,20.568,D2_5,D2,>0&<5,NA,1,6.494,1,L2,0.45,ambient_temp
EN655,2020-07-25 18:06:02,2,L2,9,41.0304,-70.8779,20.568,D2_20,D2,>0&<20,NA,1,18.959,1,L2,0.45,ambient_temp
EN655,2020-07-25 18:09:59,2,L2,17,41.0304,-70.8769,1.946,D3_GFF,D3,>0,1,65,21.615,1,L2,0.54,ambient_temp
EN655,2020-07-25 18:09:59,2,L2,17,41.0304,-70.8769,1.946,D3_GFF,D3,>0,2,65,21.01,1,L2,0.54,ambient_temp
EN655,2020-07-25 18:09:59,2,L2,17,41.0304,-70.8769,1.946,D3_GFF,D3,>0,3,65,21.969,1,L2,0.54,ambient_temp
EN655,2020-07-25 18:09:59,2,L2,17,41.0304,-70.8769,1.946,D3_10,D3,>0&<10,1,65,21.211,1,L2,0.54,ambient_temp
EN655,2020-07-25 18:09:59,2,L2,17,41.0304,-70.8769,1.946,D3_10,D3,>0&<10,2,65,19.505,1,L2,0.54,ambient_temp
EN655,2020-07-25 18:09:59,2,L2,17,41.0304,-70.8769,1.946,D3_10,D3,>0&<10,3,65,17.905,1,L2,0.54,ambient_temp
EN655,2020-07-25 18:09:59,2,L2,17,41.0304,-70.8769,1.946,D3_5,D3,>0&<5,NA,65,16.436,1,L2,0.54,ambient_temp
EN655,2020-07-25 18:09:59,2,L2,17,41.0304,-70.8769,1.946,D3_20,D3,>0&<20,NA,65,18.633,1,L2,0.54,ambient_temp
EN655,2020-07-26 11:21:14,7,L4,4,40.6917,-70.8797,40.024,D1_GFF,D1,>0,NA,0.1,1.309,1,L4,0.63,ambient_temp
EN655,2020-07-26 11:21:14,7,L4,4,40.6917,-70.8797,40.024,D1_5,D1,>0&<5,NA,0.1,1.063,1,L4,0.63,ambient_temp
EN655,2020-07-26 11:21:14,7,L4,4,40.6917,-70.8797,40.024,D1_20,D1,>0&<20,NA,0.1,1.386,1,L4,0.63,ambient_temp
EN655,2020-07-26 11:25:54,7,L4,11,40.6906,-70.8796,23.48,D2_GFF,D2,>0,NA,5,20.908,1,L4,0.75,ambient_temp
EN655,2020-07-26 11:25:54,7,L4,11,40.6906,-70.8796,23.48,D2_5,D2,>0&<5,NA,5,17.667,1,L4,0.75,ambient_temp
EN655,2020-07-26 11:25:54,7,L4,11,40.6906,-70.8796,23.48,D2_20,D2,>0&<20,NA,5,19.917,1,L4,0.75,ambient_temp
EN655,2020-07-26 11:28:31,7,L4,15,40.69,-70.8796,14.185,D3_GFF,D3,>0,NA,20,38.1,1,L4,0.81,ambient_temp
EN655,2020-07-26 11:28:31,7,L4,15,40.69,-70.8796,14.185,D3_5,D3,>0&<5,NA,20,32.023,1,L4,0.81,ambient_temp
EN655,2020-07-26 11:28:31,7,L4,15,40.69,-70.8796,14.185,D3_20,D3,>0&<20,NA,20,37.92,1,L4,0.81,ambient_temp
EN655,2020-07-26 11:31:39,7,L4,20,40.689,-70.8794,1.823,D4_GFF,D4,>0,1,65,19.954,1,L4,0.92,ambient_temp
EN655,2020-07-26 11:31:39,7,L4,20,40.689,-70.8794,1.823,D4_GFF,D4,>0,2,65,21.34,1,L4,0.92,ambient_temp
EN655,2020-07-26 11:31:39,7,L4,20,40.689,-70.8794,1.823,D4_GFF,D4,>0,3,65,21.705,1,L4,0.92,ambient_temp
EN655,2020-07-26 11:31:39,7,L4,20,40.689,-70.8794,1.823,D4_10,D4,>0&<10,1,65,12.987,1,L4,0.92,ambient_temp
EN655,2020-07-26 11:31:39,7,L4,20,40.689,-70.8794,1.823,D4_10,D4,>0&<10,2,65,12.561,1,L4,0.92,ambient_temp
EN655,2020-07-26 11:31:39,7,L4,20,40.689,-70.8794,1.823,D4_10,D4,>0&<10,3,65,12.651,1,L4,0.92,ambient_temp
EN655,2020-07-26 11:31:39,7,L4,20,40.689,-70.8794,1.823,D4_5,D4,>0&<5,NA,65,9.49,1,L4,0.92,ambient_temp
EN655,2020-07-26 11:31:39,7,L4,20,40.689,-70.8794,1.823,D4_20,D4,>0&<20,NA,65,13.389,1,L4,0.92,ambient_temp
EN655,2020-07-27 10:42:28,12,L10,7,39.9271,-70.8897,70.847,D1_GFF,D1,>0,NA,0.1,0.958,1,L10,1.54,ambient_temp
EN655,2020-07-27 10:42:28,12,L10,7,39.9271,-70.8897,70.847,D1_5,D1,>0&<5,NA,0.1,0.373,1,L10,1.54,ambient_temp
EN655,2020-07-27 10:42:28,12,L10,7,39.9271,-70.8897,70.847,D1_20,D1,>0&<20,NA,0.1,0.645,1,L10,1.54,ambient_temp
EN655,2020-07-27 10:44:42,12,L10,11,39.9264,-70.8901,50.407,D2_GFF,D2,>0,NA,5,13.654,1,L10,1.62,ambient_temp
EN655,2020-07-27 10:44:42,12,L10,11,39.9264,-70.8901,50.407,D2_5,D2,>0&<5,NA,5,6.41,1,L10,1.62,ambient_temp
EN655,2020-07-27 10:44:42,12,L10,11,39.9264,-70.8901,50.407,D2_20,D2,>0&<20,NA,5,9.878,1,L10,1.62,ambient_temp
EN655,2020-07-27 10:47:26,12,L10,12,39.9256,-70.8907,23.149,D3_GFF,D3,>0,NA,20,5.879,1,L10,1.72,ambient_temp
EN655,2020-07-27 10:47:26,12,L10,12,39.9256,-70.8907,23.149,D3_5,D3,>0&<5,NA,20,3.01,1,L10,1.72,ambient_temp
EN655,2020-07-27 10:47:26,12,L10,12,39.9256,-70.8907,23.149,D3_20,D3,>0&<20,NA,20,3.961,1,L10,1.72,ambient_temp
EN655,2020-07-27 10:52:12,12,L10,20,39.9243,-70.892,2.706,D4_GFF,D4,>0,1,65,6.179,1,L10,1.9,ambient_temp
EN655,2020-07-27 10:52:12,12,L10,20,39.9243,-70.892,2.706,D4_GFF,D4,>0,2,65,6.499,1,L10,1.9,ambient_temp
EN655,2020-07-27 10:52:12,12,L10,20,39.9243,-70.892,2.706,D4_GFF,D4,>0,3,65,6.613,1,L10,1.9,ambient_temp
EN655,2020-07-27 10:52:12,12,L10,20,39.9243,-70.892,2.706,D4_10,D4,>0&<10,1,65,4.938,1,L10,1.9,ambient_temp
EN655,2020-07-27 10:52:12,12,L10,20,39.9243,-70.892,2.706,D4_10,D4,>0&<10,2,65,5.051,1,L10,1.9,ambient_temp
EN655,2020-07-27 10:52:12,12,L10,20,39.9243,-70.892,2.706,D4_10,D4,>0&<10,3,65,4.231,1,L10,1.9,ambient_temp
EN655,2020-07-27 10:52:12,12,L10,20,39.9243,-70.892,2.706,D4_5,D4,>0&<5,NA,65,6.606,1,L10,1.9,ambient_temp
EN655,2020-07-27 10:52:12,12,L10,20,39.9243,-70.892,2.706,D4_20,D4,>0&<20,NA,65,5.433,1,L10,1.9,ambient_temp
EN657,2020-10-13 17:57:54,1,L1,4,41.2028,-70.8773,18.562,D1_GFF,D1,>0,NA,1,7.461,1,L1,0.84,ambient_temp
EN657,2020-10-13 17:57:54,1,L1,4,41.2028,-70.8773,18.562,D1_5,D1,>0&<5,NA,1,4.609,1,L1,0.84,ambient_temp
EN657,2020-10-13 17:57:54,1,L1,4,41.2028,-70.8773,18.562,D1_20,D1,>0&<20,NA,1,7.169,1,L1,0.84,ambient_temp
EN657,2020-10-13 18:01:56,1,L1,10,41.203,-70.8762,9.888,D2_GFF,D2,>0,NA,5,30.512,1,L1,0.92,ambient_temp
EN657,2020-10-13 18:01:56,1,L1,10,41.203,-70.8762,9.888,D2_5,D2,>0&<5,NA,5,16.603,1,L1,0.92,ambient_temp
EN657,2020-10-13 18:01:56,1,L1,10,41.203,-70.8762,9.888,D2_20,D2,>0&<20,NA,5,21.903,1,L1,0.92,ambient_temp
EN657,2020-10-13 18:05:16,1,L1,16,41.203,-70.8754,3.066,D3_GFF,D3,>0,1,65,130.292,1,L1,0.97,ambient_temp
EN657,2020-10-13 18:05:16,1,L1,16,41.203,-70.8754,3.066,D3_GFF,D3,>0,2,65,130.624,1,L1,0.97,ambient_temp
EN657,2020-10-13 18:05:16,1,L1,16,41.203,-70.8754,3.066,D3_GFF,D3,>0,3,65,132.653,1,L1,0.97,ambient_temp
EN657,2020-10-13 18:05:16,1,L1,16,41.203,-70.8754,3.066,D3_10,D3,>0&<10,1,65,82.742,1,L1,0.97,ambient_temp
EN657,2020-10-13 18:05:16,1,L1,16,41.203,-70.8754,3.066,D3_10,D3,>0&<10,2,65,79.308,1,L1,0.97,ambient_temp
EN657,2020-10-13 18:05:16,1,L1,16,41.203,-70.8754,3.066,D3_10,D3,>0&<10,3,65,83.626,1,L1,0.97,ambient_temp
EN657,2020-10-13 18:05:16,1,L1,16,41.203,-70.8754,3.066,D3_5,D3,>0&<5,NA,65,60.872,1,L1,0.97,ambient_temp
EN657,2020-10-13 18:05:16,1,L1,16,41.203,-70.8754,3.066,D3_20,D3,>0&<20,NA,65,104.903,1,L1,0.97,ambient_temp
EN657,2020-10-14 13:16:22,5,L2,7,41.0293,-70.8842,35.335,D1_GFF,D1,>0,NA,0.1,3.233,1,L2,0.11,ambient_temp
EN657,2020-10-14 13:16:22,5,L2,7,41.0293,-70.8842,35.335,D1_5,D1,>0&<5,NA,0.1,0.802,1,L2,0.11,ambient_temp
EN657,2020-10-14 13:16:22,5,L2,7,41.0293,-70.8842,35.335,D1_20,D1,>0&<20,NA,0.1,1.796,1,L2,0.11,ambient_temp
EN657,2020-10-14 13:19:32,5,L2,11,41.0293,-70.8843,20.511,D2_GFF,D2,>0,NA,5,16.236,1,L2,0.11,ambient_temp
EN657,2020-10-14 13:19:32,5,L2,11,41.0293,-70.8843,20.511,D2_5,D2,>0&<5,NA,5,3.735,1,L2,0.11,ambient_temp
EN657,2020-10-14 13:19:32,5,L2,11,41.0293,-70.8843,20.511,D2_20,D2,>0&<20,NA,5,7.159,1,L2,0.11,ambient_temp
EN657,2020-10-14 13:21:58,5,L2,16,41.0294,-70.8843,4.234,D3_GFF,D3,>0,1,65,61.663,1,L2,0.11,ambient_temp
EN657,2020-10-14 13:21:58,5,L2,16,41.0294,-70.8843,4.234,D3_GFF,D3,>0,2,65,60.623,1,L2,0.11,ambient_temp
EN657,2020-10-14 13:21:58,5,L2,16,41.0294,-70.8843,4.234,D3_GFF,D3,>0,3,65,55.499,1,L2,0.11,ambient_temp
EN657,2020-10-14 13:21:58,5,L2,16,41.0294,-70.8843,4.234,D3_10,D3,>0&<10,1,65,25.391,1,L2,0.11,ambient_temp
EN657,2020-10-14 13:21:58,5,L2,16,41.0294,-70.8843,4.234,D3_10,D3,>0&<10,2,65,22.412,1,L2,0.11,ambient_temp
EN657,2020-10-14 13:21:58,5,L2,16,41.0294,-70.8843,4.234,D3_10,D3,>0&<10,3,65,19.545,1,L2,0.11,ambient_temp
EN657,2020-10-14 13:21:58,5,L2,16,41.0294,-70.8843,4.234,D3_5,D3,>0&<5,NA,65,15.078,1,L2,0.11,ambient_temp
EN657,2020-10-14 13:21:58,5,L2,16,41.0294,-70.8843,4.234,D3_20,D3,>0&<20,NA,65,24.766,1,L2,0.11,ambient_temp
EN657,2020-10-14 18:35:16,6,L4,6,40.6962,-70.8916,45.547,D1_GFF,D1,>0,NA,1,1.707,1,L4,0.71,ambient_temp
EN657,2020-10-14 18:35:16,6,L4,6,40.6962,-70.8916,45.547,D1_5,D1,>0&<5,NA,1,1.121,1,L4,0.71,ambient_temp
EN657,2020-10-14 18:35:16,6,L4,6,40.6962,-70.8916,45.547,D1_20,D1,>0&<20,NA,1,1.453,1,L4,0.71,ambient_temp
EN657,2020-10-14 18:38:20,6,L4,10,40.696,-70.8927,33.356,D2_GFF,D2,>0,NA,5,14.121,1,L4,0.79,ambient_temp
EN657,2020-10-14 18:38:20,6,L4,10,40.696,-70.8927,33.356,D2_5,D2,>0&<5,NA,5,9.946,1,L4,0.79,ambient_temp
EN657,2020-10-14 18:38:20,6,L4,10,40.696,-70.8927,33.356,D2_20,D2,>0&<20,NA,5,12.208,1,L4,0.79,ambient_temp
EN657,2020-10-14 18:41:22,6,L4,12,40.6957,-70.8936,20.376,D3_GFF,D3,>0,NA,20,38.647,1,L4,0.88,ambient_temp
EN657,2020-10-14 18:41:22,6,L4,12,40.6957,-70.8936,20.376,D3_5,D3,>0&<5,NA,20,29.881,1,L4,0.88,ambient_temp
EN657,2020-10-14 18:41:22,6,L4,12,40.6957,-70.8936,20.376,D3_20,D3,>0&<20,NA,20,32.26,1,L4,0.88,ambient_temp
EN657,2020-10-14 18:44:30,6,L4,23,40.6956,-70.8946,2.562,D4_GFF,D4,>0,1,65,57.604,1,L4,0.97,ambient_temp
EN657,2020-10-14 18:44:30,6,L4,23,40.6956,-70.8946,2.562,D4_GFF,D4,>0,2,65,57.905,1,L4,0.97,ambient_temp
EN657,2020-10-14 18:44:30,6,L4,23,40.6956,-70.8946,2.562,D4_GFF,D4,>0,3,65,58.086,1,L4,0.97,ambient_temp
EN657,2020-10-14 18:44:30,6,L4,23,40.6956,-70.8946,2.562,D4_10,D4,>0&<10,1,65,23.354,1,L4,0.97,ambient_temp
EN657,2020-10-14 18:44:30,6,L4,23,40.6956,-70.8946,2.562,D4_10,D4,>0&<10,2,65,21.809,1,L4,0.97,ambient_temp
EN657,2020-10-14 18:44:30,6,L4,23,40.6956,-70.8946,2.562,D4_10,D4,>0&<10,3,65,22.938,1,L4,0.97,ambient_temp
EN657,2020-10-14 18:44:30,6,L4,23,40.6956,-70.8946,2.562,D4_5,D4,>0&<5,NA,65,32.482,1,L4,0.97,ambient_temp
EN657,2020-10-14 18:44:30,6,L4,23,40.6956,-70.8946,2.562,D4_20,D4,>0&<20,NA,65,33.048,1,L4,0.97,ambient_temp
EN657,2020-10-17 00:00:56,17,L6,8,40.3595,-70.888,60.716,D1_GFF,D1,>0,NA,0.1,0.852,1,L6,0.58,ambient_temp
EN657,2020-10-17 00:00:56,17,L6,8,40.3595,-70.888,60.716,D1_5,D1,>0&<5,NA,0.1,0.508,1,L6,0.58,ambient_temp
EN657,2020-10-17 00:00:56,17,L6,8,40.3595,-70.888,60.716,D1_20,D1,>0&<20,NA,0.1,0.626,1,L6,0.58,ambient_temp
EN657,2020-10-17 00:05:22,17,L6,11,40.3599,-70.8884,38.79,D2_GFF,D2,>0,NA,1,2.27,1,L6,0.57,ambient_temp
EN657,2020-10-17 00:05:22,17,L6,11,40.3599,-70.8884,38.79,D2_5,D2,>0&<5,NA,1,1.15,1,L6,0.57,ambient_temp
EN657,2020-10-17 00:05:22,17,L6,11,40.3599,-70.8884,38.79,D2_20,D2,>0&<20,NA,1,1.802,1,L6,0.57,ambient_temp
EN657,2020-10-17 00:08:14,17,L6,16,40.3601,-70.8886,20.636,D3_GFF,D3,>0,NA,10,10.359,1,L6,0.58,ambient_temp
EN657,2020-10-17 00:08:14,17,L6,16,40.3601,-70.8886,20.636,D3_5,D3,>0&<5,NA,10,7.374,1,L6,0.58,ambient_temp
EN657,2020-10-17 00:08:14,17,L6,16,40.3601,-70.8886,20.636,D3_20,D3,>0&<20,NA,10,9.42,1,L6,0.58,ambient_temp
EN657,2020-10-17 00:11:16,17,L6,20,40.3602,-70.8888,3.874,D4_GFF,D4,>0,1,65,7.861,1,L6,0.58,ambient_temp
EN657,2020-10-17 00:11:16,17,L6,20,40.3602,-70.8888,3.874,D4_GFF,D4,>0,2,65,8.437,1,L6,0.58,ambient_temp
EN657,2020-10-17 00:11:16,17,L6,20,40.3602,-70.8888,3.874,D4_GFF,D4,>0,3,65,8.247,1,L6,0.58,ambient_temp
EN657,2020-10-17 00:11:16,17,L6,20,40.3602,-70.8888,3.874,D4_10,D4,>0&<10,1,65,8.481,1,L6,0.58,ambient_temp
EN657,2020-10-17 00:11:16,17,L6,20,40.3602,-70.8888,3.874,D4_10,D4,>0&<10,2,65,8.741,1,L6,0.58,ambient_temp
EN657,2020-10-17 00:11:16,17,L6,20,40.3602,-70.8888,3.874,D4_10,D4,>0&<10,3,65,7.06,1,L6,0.58,ambient_temp
EN657,2020-10-17 00:11:16,17,L6,20,40.3602,-70.8888,3.874,D4_5,D4,>0&<5,NA,65,8.07,1,L6,0.58,ambient_temp
EN657,2020-10-17 00:11:16,17,L6,20,40.3602,-70.8888,3.874,D4_20,D4,>0&<20,NA,65,8.527,1,L6,0.58,ambient_temp
EN657,2020-10-16 11:51:07,15,L8,7,40.1305,-70.7699,86.124,D1_GFF,D1,>0,NA,0.1,0.076,1,L8,0.82,ambient_temp
EN657,2020-10-16 11:51:07,15,L8,7,40.1305,-70.7699,86.124,D1_5,D1,>0&<5,NA,0.1,0.04,1,L8,0.82,ambient_temp
EN657,2020-10-16 11:51:07,15,L8,7,40.1305,-70.7699,86.124,D1_20,D1,>0&<20,NA,0.1,0.082,1,L8,0.82,ambient_temp
EN657,2020-10-16 11:57:39,15,L8,13,40.1298,-70.7688,50.512,D2_GFF,D2,>0,NA,5,3.284,1,L8,0.93,ambient_temp
EN657,2020-10-16 11:57:39,15,L8,13,40.1298,-70.7688,50.512,D2_5,D2,>0&<5,NA,5,1.834,1,L8,0.93,ambient_temp
EN657,2020-10-16 11:57:39,15,L8,13,40.1298,-70.7688,50.512,D2_20,D2,>0&<20,NA,5,3.011,1,L8,0.93,ambient_temp
EN657,2020-10-16 12:01:00,15,L8,16,40.1294,-70.7681,25.572,D3_GFF,D3,>0,NA,20,12.237,1,L8,1,ambient_temp
EN657,2020-10-16 12:01:00,15,L8,16,40.1294,-70.7681,25.572,D3_5,D3,>0&<5,NA,20,7.516,1,L8,1,ambient_temp
EN657,2020-10-16 12:01:00,15,L8,16,40.1294,-70.7681,25.572,D3_20,D3,>0&<20,NA,20,9.622,1,L8,1,ambient_temp
EN657,2020-10-16 12:04:02,15,L8,20,40.1291,-70.7676,3.142,D4_GFF,D4,>0,1,65,14.894,1,L8,1.06,ambient_temp
EN657,2020-10-16 12:04:02,15,L8,20,40.1291,-70.7676,3.142,D4_GFF,D4,>0,2,65,13.391,1,L8,1.06,ambient_temp
EN657,2020-10-16 12:04:02,15,L8,20,40.1291,-70.7676,3.142,D4_GFF,D4,>0,3,65,15.1,1,L8,1.06,ambient_temp
EN657,2020-10-16 12:04:02,15,L8,20,40.1291,-70.7676,3.142,D4_10,D4,>0&<10,1,65,7.792,1,L8,1.06,ambient_temp
EN657,2020-10-16 12:04:02,15,L8,20,40.1291,-70.7676,3.142,D4_10,D4,>0&<10,2,65,7.399,1,L8,1.06,ambient_temp
EN657,2020-10-16 12:04:02,15,L8,20,40.1291,-70.7676,3.142,D4_10,D4,>0&<10,3,65,7.941,1,L8,1.06,ambient_temp
EN657,2020-10-16 12:04:02,15,L8,20,40.1291,-70.7676,3.142,D4_5,D4,>0&<5,NA,65,15.172,1,L8,1.06,ambient_temp
EN657,2020-10-16 12:04:02,15,L8,20,40.1291,-70.7676,3.142,D4_20,D4,>0&<20,NA,65,14.824,1,L8,1.06,ambient_temp
EN657,2020-10-15 08:14:39,9,L10,8,39.933,-70.8779,75.452,D1_GFF,D1,>0,NA,1,0.693,1,L10,0.9,ambient_temp
EN657,2020-10-15 08:14:39,9,L10,8,39.933,-70.8779,75.452,D1_5,D1,>0&<5,NA,1,0.557,1,L10,0.9,ambient_temp
EN657,2020-10-15 08:14:39,9,L10,8,39.933,-70.8779,75.452,D1_20,D1,>0&<20,NA,1,0.677,1,L10,0.9,ambient_temp
EN657,2020-10-15 08:19:58,9,L10,13,39.9326,-70.878,45.097,D2_GFF,D2,>0,NA,5,4.77,1,L10,0.94,ambient_temp
EN657,2020-10-15 08:19:58,9,L10,13,39.9326,-70.878,45.097,D2_5,D2,>0&<5,NA,5,4.084,1,L10,0.94,ambient_temp
EN657,2020-10-15 08:19:58,9,L10,13,39.9326,-70.878,45.097,D2_20,D2,>0&<20,NA,5,4.286,1,L10,0.94,ambient_temp
EN657,2020-10-15 08:22:09,9,L10,14,39.9324,-70.878,25.533,D3_GFF,D3,>0,NA,20,14.971,1,L10,0.96,ambient_temp
EN657,2020-10-15 08:22:09,9,L10,14,39.9324,-70.878,25.533,D3_5,D3,>0&<5,NA,20,10.809,1,L10,0.96,ambient_temp
EN657,2020-10-15 08:22:09,9,L10,14,39.9324,-70.878,25.533,D3_20,D3,>0&<20,NA,20,10.819,1,L10,0.96,ambient_temp
EN657,2020-10-15 08:25:35,9,L10,20,39.9322,-70.8779,2.583,D4_GFF,D4,>0,1,65,14.581,1,L10,0.98,ambient_temp
EN657,2020-10-15 08:25:35,9,L10,20,39.9322,-70.8779,2.583,D4_GFF,D4,>0,2,65,15.465,1,L10,0.98,ambient_temp
EN657,2020-10-15 08:25:35,9,L10,20,39.9322,-70.8779,2.583,D4_GFF,D4,>0,3,65,15.672,1,L10,0.98,ambient_temp
EN657,2020-10-15 08:25:35,9,L10,20,39.9322,-70.8779,2.583,D4_10,D4,>0&<10,1,65,14.409,1,L10,0.98,ambient_temp
EN657,2020-10-15 08:25:35,9,L10,20,39.9322,-70.8779,2.583,D4_10,D4,>0&<10,2,65,14.967,1,L10,0.98,ambient_temp
EN657,2020-10-15 08:25:35,9,L10,20,39.9322,-70.8779,2.583,D4_10,D4,>0&<10,3,65,14.369,1,L10,0.98,ambient_temp
EN657,2020-10-15 08:25:35,9,L10,20,39.9322,-70.8779,2.583,D4_5,D4,>0&<5,NA,65,12.871,1,L10,0.98,ambient_temp
EN657,2020-10-15 08:25:35,9,L10,20,39.9322,-70.8779,2.583,D4_20,D4,>0&<20,NA,65,15.669,1,L10,0.98,ambient_temp
EN657,2020-10-15 16:43:24,12,L11,5,39.7701,-70.8783,70.959,D1_GFF,D1,>0,NA,0.1,0.13,1,L11,0.56,ambient_temp
EN657,2020-10-15 16:43:24,12,L11,5,39.7701,-70.8783,70.959,D1_5,D1,>0&<5,NA,0.1,0.084,1,L11,0.56,ambient_temp
EN657,2020-10-15 16:43:24,12,L11,5,39.7701,-70.8783,70.959,D1_20,D1,>0&<20,NA,0.1,0.098,1,L11,0.56,ambient_temp
EN657,2020-10-15 16:49:26,12,L11,7,39.7693,-70.8773,35.889,D2_GFF,D2,>0,NA,5,4.618,1,L11,0.68,ambient_temp
EN657,2020-10-15 16:49:26,12,L11,7,39.7693,-70.8773,35.889,D2_5,D2,>0&<5,NA,5,3.658,1,L11,0.68,ambient_temp
EN657,2020-10-15 16:49:26,12,L11,7,39.7693,-70.8773,35.889,D2_20,D2,>0&<20,NA,5,4.204,1,L11,0.68,ambient_temp
EN657,2020-10-15 16:52:20,12,L11,12,39.7689,-70.8767,25.785,D3_GFF,D3,>0,NA,10,8.994,1,L11,0.74,ambient_temp
EN657,2020-10-15 16:52:20,12,L11,12,39.7689,-70.8767,25.785,D3_5,D3,>0&<5,NA,10,7.674,1,L11,0.74,ambient_temp
EN657,2020-10-15 16:52:20,12,L11,12,39.7689,-70.8767,25.785,D3_20,D3,>0&<20,NA,10,8.456,1,L11,0.74,ambient_temp
EN657,2020-10-15 16:56:02,12,L11,20,39.7685,-70.8761,3.122,D4_GFF,D4,>0,1,65,8.846,1,L11,0.81,ambient_temp
EN657,2020-10-15 16:56:02,12,L11,20,39.7685,-70.8761,3.122,D4_GFF,D4,>0,2,65,8.74,1,L11,0.81,ambient_temp
EN657,2020-10-15 16:56:02,12,L11,20,39.7685,-70.8761,3.122,D4_GFF,D4,>0,3,65,10.075,1,L11,0.81,ambient_temp
EN657,2020-10-15 16:56:02,12,L11,20,39.7685,-70.8761,3.122,D4_10,D4,>0&<10,1,65,7.563,1,L11,0.81,ambient_temp
EN657,2020-10-15 16:56:02,12,L11,20,39.7685,-70.8761,3.122,D4_10,D4,>0&<10,2,65,8.176,1,L11,0.81,ambient_temp
EN657,2020-10-15 16:56:02,12,L11,20,39.7685,-70.8761,3.122,D4_10,D4,>0&<10,3,65,7.315,1,L11,0.81,ambient_temp
EN657,2020-10-15 16:56:02,12,L11,20,39.7685,-70.8761,3.122,D4_5,D4,>0&<5,NA,65,9.777,1,L11,0.81,ambient_temp
EN657,2020-10-15 16:56:02,12,L11,20,39.7685,-70.8761,3.122,D4_20,D4,>0&<20,NA,65,9.502,1,L11,0.81,ambient_temp
EN661,2021-02-03 18:57:54,1,L1,4,41.1983,-70.8795,17.374,D1_GFF,D1,>0,NA,0.1,1.287,1,L1,0.37,ambient_temp
EN661,2021-02-03 18:57:54,1,L1,4,41.1983,-70.8795,17.374,D1_5,D1,>0&<5,NA,0.1,0.115,1,L1,0.37,ambient_temp
EN661,2021-02-03 18:57:54,1,L1,4,41.1983,-70.8795,17.374,D1_20,D1,>0&<20,NA,0.1,1.315,1,L1,0.37,ambient_temp
EN661,2021-02-03 19:02:54,1,L1,11,41.197,-70.8782,10.964,D2_GFF,D2,>0,NA,5,11.921,1,L1,0.43,ambient_temp
EN661,2021-02-03 19:02:54,1,L1,11,41.197,-70.8782,10.964,D2_5,D2,>0&<5,NA,5,0.549,1,L1,0.43,ambient_temp
EN661,2021-02-03 19:02:54,1,L1,11,41.197,-70.8782,10.964,D2_20,D2,>0&<20,NA,5,3.593,1,L1,0.43,ambient_temp
EN661,2021-02-03 19:06:27,1,L1,17,41.1959,-70.8772,1.283,D3_GFF,D3,>0,1,65,52.611,1,L1,0.51,ambient_temp
EN661,2021-02-03 19:06:27,1,L1,17,41.1959,-70.8772,1.283,D3_GFF,D3,>0,2,65,53.199,1,L1,0.51,ambient_temp
EN661,2021-02-03 19:06:27,1,L1,17,41.1959,-70.8772,1.283,D3_GFF,D3,>0,3,65,53.393,1,L1,0.51,ambient_temp
EN661,2021-02-03 19:06:27,1,L1,17,41.1959,-70.8772,1.283,D3_10,D3,>0&<10,1,65,10.25,1,L1,0.51,ambient_temp
EN661,2021-02-03 19:06:27,1,L1,17,41.1959,-70.8772,1.283,D3_10,D3,>0&<10,2,65,9.745,1,L1,0.51,ambient_temp
EN661,2021-02-03 19:06:27,1,L1,17,41.1959,-70.8772,1.283,D3_10,D3,>0&<10,3,65,11.276,1,L1,0.51,ambient_temp
EN661,2021-02-03 19:06:27,1,L1,17,41.1959,-70.8772,1.283,D3_5,D3,>0&<5,NA,65,6.469,1,L1,0.51,ambient_temp
EN661,2021-02-03 19:06:27,1,L1,17,41.1959,-70.8772,1.283,D3_20,D3,>0&<20,NA,65,19.957,1,L1,0.51,ambient_temp
EN661,2021-02-04 01:59:24,2,L2,9,41.0306,-70.8884,24.283,D1_GFF,D1,>0,NA,1,1.443,1,L2,0.44,ambient_temp
EN661,2021-02-04 01:59:24,2,L2,9,41.0306,-70.8884,24.283,D1_5,D1,>0&<5,NA,1,0.226,1,L2,0.44,ambient_temp
EN661,2021-02-04 01:59:24,2,L2,9,41.0306,-70.8884,24.283,D1_20,D1,>0&<20,NA,1,1.037,1,L2,0.44,ambient_temp
EN661,2021-02-04 02:01:33,2,L2,13,41.0307,-70.8888,15.281,D2_GFF,D2,>0,NA,5,1.764,1,L2,0.47,ambient_temp
EN661,2021-02-04 02:01:33,2,L2,13,41.0307,-70.8888,15.281,D2_5,D2,>0&<5,NA,5,0.277,1,L2,0.47,ambient_temp
EN661,2021-02-04 02:01:33,2,L2,13,41.0307,-70.8888,15.281,D2_20,D2,>0&<20,NA,5,0.897,1,L2,0.47,ambient_temp
EN661,2021-02-04 02:03:56,2,L2,18,41.0309,-70.8889,3.388,D3_GFF,D3,>0,1,65,12.447,1,L2,0.48,ambient_temp
EN661,2021-02-04 02:03:56,2,L2,18,41.0309,-70.8889,3.388,D3_GFF,D3,>0,2,65,13.804,1,L2,0.48,ambient_temp
EN661,2021-02-04 02:03:56,2,L2,18,41.0309,-70.8889,3.388,D3_GFF,D3,>0,3,65,12.587,1,L2,0.48,ambient_temp
EN661,2021-02-04 02:03:56,2,L2,18,41.0309,-70.8889,3.388,D3_10,D3,>0&<10,1,65,5.823,1,L2,0.48,ambient_temp
EN661,2021-02-04 02:03:56,2,L2,18,41.0309,-70.8889,3.388,D3_10,D3,>0&<10,2,65,5.051,1,L2,0.48,ambient_temp
EN661,2021-02-04 02:03:56,2,L2,18,41.0309,-70.8889,3.388,D3_10,D3,>0&<10,3,65,4.617,1,L2,0.48,ambient_temp
EN661,2021-02-04 02:03:56,2,L2,18,41.0309,-70.8889,3.388,D3_5,D3,>0&<5,NA,65,2.253,1,L2,0.48,ambient_temp
EN661,2021-02-04 02:03:56,2,L2,18,41.0309,-70.8889,3.388,D3_20,D3,>0&<20,NA,65,6.104,1,L2,0.48,ambient_temp
EN661,2021-02-04 13:06:54,5,L4,8,40.6969,-70.8864,28.544,D1_GFF,D1,>0,NA,0.1,0.631,1,L4,0.26,ambient_temp
EN661,2021-02-04 13:06:54,5,L4,8,40.6969,-70.8864,28.544,D1_5,D1,>0&<5,NA,0.1,0.075,1,L4,0.26,ambient_temp
EN661,2021-02-04 13:06:54,5,L4,8,40.6969,-70.8864,28.544,D1_20,D1,>0&<20,NA,0.1,0.166,1,L4,0.26,ambient_temp
EN661,2021-02-04 13:09:26,5,L4,13,40.6966,-70.887200000000007,15.437,D2_GFF,D2,>0,NA,1,1.245,1,L4,0.33,ambient_temp
EN661,2021-02-04 13:09:26,5,L4,13,40.6966,-70.887200000000007,15.437,D2_5,D2,>0&<5,NA,1,0.09,1,L4,0.33,ambient_temp
EN661,2021-02-04 13:09:26,5,L4,13,40.6966,-70.887200000000007,15.437,D2_20,D2,>0&<20,NA,1,1.205,1,L4,0.33,ambient_temp
EN661,2021-02-04 13:11:39,5,L4,18,40.6963,-70.8878,2.35,D4_GFF,D4,>0,1,65,33.215,1,L4,0.38,ambient_temp
EN661,2021-02-04 13:11:39,5,L4,18,40.6963,-70.8878,2.35,D4_GFF,D4,>0,2,65,34.254,1,L4,0.38,ambient_temp
EN661,2021-02-04 13:11:39,5,L4,18,40.6963,-70.8878,2.35,D4_GFF,D4,>0,3,65,44.143,1,L4,0.38,ambient_temp
EN661,2021-02-04 13:11:39,5,L4,18,40.6963,-70.8878,2.35,D4_10,D4,>0&<10,1,65,2.405,1,L4,0.38,ambient_temp
EN661,2021-02-04 13:11:39,5,L4,18,40.6963,-70.8878,2.35,D4_10,D4,>0&<10,2,65,2.889,1,L4,0.38,ambient_temp
EN661,2021-02-04 13:11:39,5,L4,18,40.6963,-70.8878,2.35,D4_10,D4,>0&<10,3,65,2.769,1,L4,0.38,ambient_temp
EN661,2021-02-04 13:11:39,5,L4,18,40.6963,-70.8878,2.35,D4_5,D4,>0&<5,NA,65,1.179,1,L4,0.38,ambient_temp
EN661,2021-02-04 13:11:39,5,L4,18,40.6963,-70.8878,2.35,D4_20,D4,>0&<20,NA,65,7.596,1,L4,0.38,ambient_temp
EN661,2021-02-05 13:37:34,10,L11,4,39.771,-70.8742,86.003,D1_GFF,D1,>0,NA,0.1,-0.065,3,L11,0.82,ambient_temp
EN661,2021-02-05 13:37:34,10,L11,4,39.771,-70.8742,86.003,D1_5,D1,>0&<5,NA,0.1,-0.128,3,L11,0.82,ambient_temp
EN661,2021-02-05 13:37:34,10,L11,4,39.771,-70.8742,86.003,D1_20,D1,>0&<20,NA,0.1,-0.181,3,L11,0.82,ambient_temp
EN661,2021-02-05 13:40:37,10,L11,7,39.7708,-70.8738,40.464,D2_GFF,D2,>0,NA,5,-0.385,3,L11,0.86,ambient_temp
EN661,2021-02-05 13:40:37,10,L11,7,39.7708,-70.8738,40.464,D2_5,D2,>0&<5,NA,5,-0.521,3,L11,0.86,ambient_temp
EN661,2021-02-05 13:40:37,10,L11,7,39.7708,-70.8738,40.464,D2_20,D2,>0&<20,NA,5,-0.553,3,L11,0.86,ambient_temp
EN661,2021-02-05 13:42:52,10,L11,14,39.7705,-70.8733,20.161,D3_GFF,D3,>0,NA,20,0.455,1,L11,0.91,ambient_temp
EN661,2021-02-05 13:42:52,10,L11,14,39.7705,-70.8733,20.161,D3_5,D3,>0&<5,NA,20,-0.934,3,L11,0.91,ambient_temp
EN661,2021-02-05 13:42:52,10,L11,14,39.7705,-70.8733,20.161,D3_20,D3,>0&<20,NA,20,-0.824,3,L11,0.91,ambient_temp
EN661,2021-02-05 13:45:05,10,L11,20,39.7705,-70.8728,2.891,D4_GFF,D4,>0,1,65,3.345,1,L11,0.95,ambient_temp
EN661,2021-02-05 13:45:05,10,L11,20,39.7705,-70.8728,2.891,D4_GFF,D4,>0,2,65,4.229,1,L11,0.95,ambient_temp
EN661,2021-02-05 13:45:05,10,L11,20,39.7705,-70.8728,2.891,D4_GFF,D4,>0,3,65,2.926,1,L11,0.95,ambient_temp
EN661,2021-02-05 13:45:05,10,L11,20,39.7705,-70.8728,2.891,D4_10,D4,>0&<10,1,65,-1.097,3,L11,0.95,ambient_temp
EN661,2021-02-05 13:45:05,10,L11,20,39.7705,-70.8728,2.891,D4_10,D4,>0&<10,2,65,-2.04,3,L11,0.95,ambient_temp
EN661,2021-02-05 13:45:05,10,L11,20,39.7705,-70.8728,2.891,D4_10,D4,>0&<10,3,65,-1.993,3,L11,0.95,ambient_temp
EN661,2021-02-05 13:45:05,10,L11,20,39.7705,-70.8728,2.891,D4_5,D4,>0&<5,NA,65,-1.366,3,L11,0.95,ambient_temp
EN661,2021-02-05 13:45:05,10,L11,20,39.7705,-70.8728,2.891,D4_20,D4,>0&<20,NA,65,-0.526,3,L11,0.95,ambient_temp
EN661,2021-02-06 21:27:37,13,L1,9,41.1622,-70.8914,10.502,D1_GFF,D1,>0,NA,0.1,0.489,1,L1,3.9,ambient_temp
EN661,2021-02-06 21:27:37,13,L1,9,41.1622,-70.8914,10.502,D1_5,D1,>0&<5,NA,0.1,0.012,1,L1,3.9,ambient_temp
EN661,2021-02-06 21:27:37,13,L1,9,41.1622,-70.8914,10.502,D1_20,D1,>0&<20,NA,0.1,0.223,1,L1,3.9,ambient_temp
EN661,2021-02-06 21:29:42,13,L1,14,41.1619,-70.8913,1.835,D4_GFF,D4,>0,1,NA,29.754,1,L1,3.94,ambient_temp
EN661,2021-02-06 21:29:42,13,L1,14,41.1619,-70.8913,1.835,D4_GFF,D4,>0,2,NA,27.703,1,L1,3.94,ambient_temp
EN661,2021-02-06 21:29:42,13,L1,14,41.1619,-70.8913,1.835,D4_10,D4,>0&<10,1,NA,1.717,1,L1,3.94,ambient_temp
EN661,2021-02-06 21:29:42,13,L1,14,41.1619,-70.8913,1.835,D4_10,D4,>0&<10,2,NA,1.765,1,L1,3.94,ambient_temp
EN661,2021-02-06 21:29:42,13,L1,14,41.1619,-70.8913,1.835,D4_5,D4,>0&<5,NA,NA,-1.609,3,L1,3.94,ambient_temp
EN661,2021-02-06 21:29:42,13,L1,14,41.1619,-70.8913,1.835,D4_20,D4,>0&<20,NA,NA,6.374,1,L1,3.94,ambient_temp
EN668,2021-07-16 18:15:50,1,L1,6,41.1958,-70.884,14.145,D1_GFF,D1,>0,NA,1,34.135,1,L1,0.12,ambient_temp
EN668,2021-07-16 18:15:50,1,L1,6,41.1958,-70.884,14.145,D1_5,D1,>0&<5,NA,1,11.859,1,L1,0.12,ambient_temp
EN668,2021-07-16 18:15:50,1,L1,6,41.1958,-70.884,14.145,D1_20,D1,>0&<20,NA,1,31.149,1,L1,0.12,ambient_temp
EN668,2021-07-16 18:18:59,1,L1,12,41.1952,-70.8836,10.309,D2_GFF,D2,>0,NA,5,31.042,1,L1,0.17,ambient_temp
EN668,2021-07-16 18:18:59,1,L1,12,41.1952,-70.8836,10.309,D2_5,D2,>0&<5,NA,5,6.04,1,L1,0.17,ambient_temp
EN668,2021-07-16 18:18:59,1,L1,12,41.1952,-70.8836,10.309,D2_20,D2,>0&<20,NA,5,25.882,1,L1,0.17,ambient_temp
EN668,2021-07-16 18:22:30,1,L1,18,41.1946,-70.883,4.062,D3_GFF,D3,>0,1,65,28.765,1,L1,0.24,ambient_temp
EN668,2021-07-16 18:22:30,1,L1,18,41.1946,-70.883,4.062,D3_GFF,D3,>0,2,65,31.297,1,L1,0.24,ambient_temp
EN668,2021-07-16 18:22:30,1,L1,18,41.1946,-70.883,4.062,D3_GFF,D3,>0,3,65,31.416,1,L1,0.24,ambient_temp
EN668,2021-07-16 18:22:30,1,L1,18,41.1946,-70.883,4.062,D3_10,D3,>0&<10,1,65,21.039,1,L1,0.24,ambient_temp
EN668,2021-07-16 18:22:30,1,L1,18,41.1946,-70.883,4.062,D3_10,D3,>0&<10,2,65,21.959,1,L1,0.24,ambient_temp
EN668,2021-07-16 18:22:30,1,L1,18,41.1946,-70.883,4.062,D3_10,D3,>0&<10,3,65,20.488,1,L1,0.24,ambient_temp
EN668,2021-07-16 18:22:30,1,L1,18,41.1946,-70.883,4.062,D3_5,D3,>0&<5,NA,65,11.044,1,L1,0.24,ambient_temp
EN668,2021-07-16 18:22:30,1,L1,18,41.1946,-70.883,4.062,D3_20,D3,>0&<20,NA,65,24.184,1,L1,0.24,ambient_temp
EN668,2021-07-17 04:39:26,2,L2,9,41.0314,-70.8798,21.511,D1_GFF,D1,>0,NA,1,14.459,1,L2,0.33,ambient_temp
EN668,2021-07-17 04:39:26,2,L2,9,41.0314,-70.8798,21.511,D1_5,D1,>0&<5,NA,1,0.373,1,L2,0.33,ambient_temp
EN668,2021-07-17 04:39:26,2,L2,9,41.0314,-70.8798,21.511,D1_20,D1,>0&<20,NA,1,8.669,1,L2,0.33,ambient_temp
EN668,2021-07-17 04:41:32,2,L2,14,41.0314,-70.8796,15.412,D2_GFF,D2,>0,NA,5,17.572,1,L2,0.35,ambient_temp
EN668,2021-07-17 04:41:32,2,L2,14,41.0314,-70.8796,15.412,D2_5,D2,>0&<5,NA,5,4.036,1,L2,0.35,ambient_temp
EN668,2021-07-17 04:41:32,2,L2,14,41.0314,-70.8796,15.412,D2_20,D2,>0&<20,NA,5,14.664,1,L2,0.35,ambient_temp
EN668,2021-07-17 04:45:09,2,L2,19,41.0313,-70.8792,2.741,D3_GFF,D3,>0,1,65,12.463,1,L2,0.37,ambient_temp
EN668,2021-07-17 04:45:09,2,L2,19,41.0313,-70.8792,2.741,D3_GFF,D3,>0,2,65,12.23,1,L2,0.37,ambient_temp
EN668,2021-07-17 04:45:09,2,L2,19,41.0313,-70.8792,2.741,D3_GFF,D3,>0,3,65,12.163,1,L2,0.37,ambient_temp
EN668,2021-07-17 04:45:09,2,L2,19,41.0313,-70.8792,2.741,D3_10,D3,>0&<10,1,65,8.282,1,L2,0.37,ambient_temp
EN668,2021-07-17 04:45:09,2,L2,19,41.0313,-70.8792,2.741,D3_10,D3,>0&<10,2,65,7.574,1,L2,0.37,ambient_temp
EN668,2021-07-17 04:45:09,2,L2,19,41.0313,-70.8792,2.741,D3_10,D3,>0&<10,3,65,8.572,1,L2,0.37,ambient_temp
EN668,2021-07-17 04:45:09,2,L2,19,41.0313,-70.8792,2.741,D3_5,D3,>0&<5,NA,65,4.607,1,L2,0.37,ambient_temp
EN668,2021-07-17 04:45:09,2,L2,19,41.0313,-70.8792,2.741,D3_20,D3,>0&<20,NA,65,9.361,1,L2,0.37,ambient_temp
EN668,2021-07-17 13:27:56,5,L4,6,40.6938,-70.8793,43.237,D1_GFF,D1,>0,NA,0.1,1.177,1,L4,0.46,ambient_temp
EN668,2021-07-17 13:27:56,5,L4,6,40.6938,-70.8793,43.237,D1_5,D1,>0&<5,NA,0.1,0.2,1,L4,0.46,ambient_temp
EN668,2021-07-17 13:27:56,5,L4,6,40.6938,-70.8793,43.237,D1_20,D1,>0&<20,NA,0.1,0.678,1,L4,0.46,ambient_temp
EN668,2021-07-17 13:31:10,5,L4,11,40.6937,-70.8789,30.549,D2_GFF,D2,>0,NA,5,47.686,1,L4,0.5,ambient_temp
EN668,2021-07-17 13:31:10,5,L4,11,40.6937,-70.8789,30.549,D2_5,D2,>0&<5,NA,5,15.156,1,L4,0.5,ambient_temp
EN668,2021-07-17 13:31:10,5,L4,11,40.6937,-70.8789,30.549,D2_20,D2,>0&<20,NA,5,28.792,1,L4,0.5,ambient_temp
EN668,2021-07-17 13:33:51,5,L4,16,40.6935,-70.8785,17.263,D3_GFF,D3,>0,NA,20,14.084,1,L4,0.54,ambient_temp
EN668,2021-07-17 13:33:51,5,L4,16,40.6935,-70.8785,17.263,D3_5,D3,>0&<5,NA,20,4.205,1,L4,0.54,ambient_temp
EN668,2021-07-17 13:33:51,5,L4,16,40.6935,-70.8785,17.263,D3_20,D3,>0&<20,NA,20,10.22,1,L4,0.54,ambient_temp
EN668,2021-07-17 13:36:08,5,L4,20,40.6934,-70.8781,4.095,D4_GFF,D4,>0,1,65,9.341,1,L4,0.57,ambient_temp
EN668,2021-07-17 13:36:08,5,L4,20,40.6934,-70.8781,4.095,D4_GFF,D4,>0,2,65,9.768,1,L4,0.57,ambient_temp
EN668,2021-07-17 13:36:08,5,L4,20,40.6934,-70.8781,4.095,D4_GFF,D4,>0,3,65,10.592,1,L4,0.57,ambient_temp
EN668,2021-07-17 13:36:08,5,L4,20,40.6934,-70.8781,4.095,D4_10,D4,>0&<10,1,65,7.238,1,L4,0.57,ambient_temp
EN668,2021-07-17 13:36:08,5,L4,20,40.6934,-70.8781,4.095,D4_10,D4,>0&<10,2,65,6.006,1,L4,0.57,ambient_temp
EN668,2021-07-17 13:36:08,5,L4,20,40.6934,-70.8781,4.095,D4_10,D4,>0&<10,3,65,6.574,1,L4,0.57,ambient_temp
EN668,2021-07-17 13:36:08,5,L4,20,40.6934,-70.8781,4.095,D4_5,D4,>0&<5,NA,65,3.25,1,L4,0.57,ambient_temp
EN668,2021-07-17 13:36:08,5,L4,20,40.6934,-70.8781,4.095,D4_20,D4,>0&<20,NA,65,7.746,1,L4,0.57,ambient_temp
EN668,2021-07-17 13:31:10,5,L4,11,40.6937,-70.8789,30.549,Dark_GFF,Dark,>0,NA,5,0.965,1,L4,0.5,ambient_temp
EN668,2021-07-17 13:31:10,5,L4,11,40.6937,-70.8789,30.549,Dark_5,Dark,>0&<5,NA,5,0.23,1,L4,0.5,ambient_temp
EN668,2021-07-17 13:31:10,5,L4,11,40.6937,-70.8789,30.549,Dark_20,Dark,>0&<20,NA,5,0.794,1,L4,0.5,ambient_temp
EN668,2021-07-17 13:31:10,5,L4,11,40.6937,-70.8789,30.549,Dark_10,Dark,>0&<10,NA,5,0.651,1,L4,0.5,ambient_temp
EN668,2021-07-20 09:38:09,18,L6,7,40.3673,-70.8918,50.94,D1_GFF,D1,>0,NA,0.1,0.09,1,L6,0.84,ambient_temp
EN668,2021-07-20 09:38:09,18,L6,7,40.3673,-70.8918,50.94,D1_5,D1,>0&<5,NA,0.1,-0.007,3,L6,0.84,ambient_temp
EN668,2021-07-20 09:38:09,18,L6,7,40.3673,-70.8918,50.94,D1_20,D1,>0&<20,NA,0.1,-0.041,3,L6,0.84,ambient_temp
EN668,2021-07-20 09:43:27,18,L6,9,40.3682,-70.8929,31.156,D2_GFF,D2,>0,1,1,40.034,1,L6,0.98,ambient_temp
EN668,2021-07-20 09:43:27,18,L6,9,40.3682,-70.8929,31.156,D2_5,D2,>0&<5,NA,1,11.971,1,L6,0.98,ambient_temp
EN668,2021-07-20 09:43:27,18,L6,9,40.3682,-70.8929,31.156,D2_20,D2,>0&<20,NA,1,22.605,1,L6,0.98,ambient_temp
EN668,2021-07-20 09:46:20,18,L6,16,40.3687,-70.8934,18.013,D3_GFF,D3,>0,NA,20,21.67,1,L6,1.04,ambient_temp
EN668,2021-07-20 09:46:20,18,L6,16,40.3687,-70.8934,18.013,D3_5,D3,>0&<5,NA,20,8.429,1,L6,1.04,ambient_temp
EN668,2021-07-20 09:46:20,18,L6,16,40.3687,-70.8934,18.013,D3_20,D3,>0&<20,NA,20,13.957,1,L6,1.04,ambient_temp
EN668,2021-07-20 09:49:24,18,L6,20,40.3692,-70.894,3.83,D4_GFF,D4,>0,1,65,2.869,1,L6,1.12,ambient_temp
EN668,2021-07-20 09:49:24,18,L6,20,40.3692,-70.894,3.83,D4_GFF,D4,>0,2,65,4.786,1,L6,1.12,ambient_temp
EN668,2021-07-20 09:49:24,18,L6,20,40.3692,-70.894,3.83,D4_GFF,D4,>0,3,65,3.583,1,L6,1.12,ambient_temp
EN668,2021-07-20 09:49:24,18,L6,20,40.3692,-70.894,3.83,D4_10,D4,>0&<10,1,65,2.926,1,L6,1.12,ambient_temp
EN668,2021-07-20 09:49:24,18,L6,20,40.3692,-70.894,3.83,D4_10,D4,>0&<10,2,65,1.964,1,L6,1.12,ambient_temp
EN668,2021-07-20 09:49:24,18,L6,20,40.3692,-70.894,3.83,D4_10,D4,>0&<10,3,65,3.226,1,L6,1.12,ambient_temp
EN668,2021-07-20 09:49:24,18,L6,20,40.3692,-70.894,3.83,D4_5,D4,>0&<5,NA,65,1.533,1,L6,1.12,ambient_temp
EN668,2021-07-20 09:49:24,18,L6,20,40.3692,-70.894,3.83,D4_20,D4,>0&<20,NA,65,2.971,1,L6,1.12,ambient_temp
EN668,2021-07-20 09:49:12,18,L6,18,40.3691,-70.8939,3.852,Dark_GFF,Dark,>0,NA,NA,0.27,1,L6,1.11,ambient_temp
EN668,2021-07-20 09:49:12,18,L6,18,40.3691,-70.8939,3.852,Dark_5,Dark,>0&<5,NA,NA,0.493,1,L6,1.11,ambient_temp
EN668,2021-07-20 09:49:12,18,L6,18,40.3691,-70.8939,3.852,Dark_10,Dark,>0&<10,NA,NA,0.338,1,L6,1.11,ambient_temp
EN668,2021-07-20 09:49:12,18,L6,18,40.3691,-70.8939,3.852,Dark_20,Dark,>0&<20,NA,NA,0.521,1,L6,1.11,ambient_temp
EN668,2021-07-20 09:43:27,18,L6,9,40.3682,-70.8929,31.156,D2_GFF,D2,>0,2,1,37.071,1,L6,0.98,ambient_temp
EN668,2021-07-20 09:43:27,18,L6,9,40.3682,-70.8929,31.156,D2_10,D2,>0&<10,1,1,23.071,1,L6,0.98,ambient_temp
EN668,2021-07-20 09:43:27,18,L6,9,40.3682,-70.8929,31.156,D2_10,D2,>0&<10,2,1,21.441,1,L6,0.98,ambient_temp
EN668,2021-07-20 14:53:41,20,d6a,3,40.3613,-70.9971,49.558,D2_GFF,D2,>0,NA,NA,36.396,1,d6a,0.45,ambient_temp
EN668,2021-07-20 14:53:41,20,d6a,3,40.3613,-70.9971,49.558,D2_5,D2,>0&<5,NA,NA,2.219,1,d6a,0.45,ambient_temp
EN668,2021-07-20 14:53:41,20,d6a,3,40.3613,-70.9971,49.558,D2_20,D2,>0&<20,NA,NA,5.174,1,d6a,0.45,ambient_temp
EN668,2021-07-20 15:01:22,20,d6a,17,40.3604,-70.9974,3.816,D3_GFF,D3,>0,NA,NA,6.058,1,d6a,0.53,ambient_temp
EN668,2021-07-20 15:01:22,20,d6a,17,40.3604,-70.9974,3.816,D3_5,D3,>0&<5,NA,NA,3.124,1,d6a,0.53,ambient_temp
EN668,2021-07-20 15:01:22,20,d6a,17,40.3604,-70.9974,3.816,D3_20,D3,>0&<20,NA,NA,6.466,1,d6a,0.53,ambient_temp
EN668,2021-07-20 06:24:59,17,L7,13,40.2143,-70.9062,41.804,D4_GFF,D4,>0,NA,1,7.596,1,L7,2.38,ambient_temp
EN668,2021-07-19 16:58:56,15,L8,6,40.1275,-70.768,65.931,D1_GFF,D1,>0,NA,0.1,0.322,1,L8,1.19,ambient_temp
EN668,2021-07-19 16:58:56,15,L8,6,40.1275,-70.768,65.931,D1_5,D1,>0&<5,NA,0.1,0.019,1,L8,1.19,ambient_temp
EN668,2021-07-19 16:58:56,15,L8,6,40.1275,-70.768,65.931,D1_20,D1,>0&<20,NA,0.1,0.164,1,L8,1.19,ambient_temp
EN668,2021-07-19 17:05:44,15,L8,10,40.1262,-70.7676,38.649,D2_GFF,D2,>0,NA,5,9.735,1,L8,1.33,ambient_temp
EN668,2021-07-19 17:05:44,15,L8,10,40.1262,-70.7676,38.649,D2_5,D2,>0&<5,NA,5,3.193,1,L8,1.33,ambient_temp
EN668,2021-07-19 17:05:44,15,L8,10,40.1262,-70.7676,38.649,D2_20,D2,>0&<20,NA,5,5.506,1,L8,1.33,ambient_temp
EN668,2021-07-19 17:12:42,15,L8,16,40.1247,-70.7669,13.862,D3_GFF,D3,>0,NA,20,10.89,1,L8,1.5,ambient_temp
EN668,2021-07-19 17:12:42,15,L8,16,40.1247,-70.7669,13.862,D3_5,D3,>0&<5,NA,20,4.936,1,L8,1.5,ambient_temp
EN668,2021-07-19 17:12:42,15,L8,16,40.1247,-70.7669,13.862,D3_20,D3,>0&<20,NA,20,7.895,1,L8,1.5,ambient_temp
EN668,2021-07-19 17:16:30,15,L8,20,40.1239,-70.7667,4.034,D4_GFF,D4,>0,1,65,6.199,1,L8,1.59,ambient_temp
EN668,2021-07-19 17:16:30,15,L8,20,40.1239,-70.7667,4.034,D4_GFF,D4,>0,2,65,3.834,1,L8,1.59,ambient_temp
EN668,2021-07-19 17:16:30,15,L8,20,40.1239,-70.7667,4.034,D4_GFF,D4,>0,3,65,3.674,1,L8,1.59,ambient_temp
EN668,2021-07-19 17:16:30,15,L8,20,40.1239,-70.7667,4.034,D4_10,D4,>0&<10,1,65,4.963,1,L8,1.59,ambient_temp
EN668,2021-07-19 17:16:30,15,L8,20,40.1239,-70.7667,4.034,D4_10,D4,>0&<10,2,65,2.523,1,L8,1.59,ambient_temp
EN668,2021-07-19 17:16:30,15,L8,20,40.1239,-70.7667,4.034,D4_10,D4,>0&<10,3,65,2.916,1,L8,1.59,ambient_temp
EN668,2021-07-19 17:16:30,15,L8,20,40.1239,-70.7667,4.034,D4_5,D4,>0&<5,NA,65,3.723,1,L8,1.59,ambient_temp
EN668,2021-07-19 17:16:30,15,L8,20,40.1239,-70.7667,4.034,D4_20,D4,>0&<20,NA,65,5.299,1,L8,1.59,ambient_temp
EN668,2021-07-19 17:05:44,15,L8,10,40.1262,-70.7676,38.649,D2_10,D2,>0&<10,NA,5,6.17,1,L8,1.33,ambient_temp
EN668,2021-07-18 16:42:00,11,L11,5,39.7697,-70.8792,74.171,D1_GFF,D1,>0,NA,0.1,0.043,1,L11,0.53,ambient_temp
EN668,2021-07-18 16:42:00,11,L11,5,39.7697,-70.8792,74.171,D1_5,D1,>0&<5,NA,0.1,-0.008,3,L11,0.53,ambient_temp
EN668,2021-07-18 16:42:00,11,L11,5,39.7697,-70.8792,74.171,D1_20,D1,>0&<20,NA,0.1,0.065,1,L11,0.53,ambient_temp
EN668,2021-07-18 16:46:06,11,L11,9,39.7688,-70.8789,36.168,D2_GFF,D2,>0,NA,5,14.761,1,L11,0.63,ambient_temp
EN668,2021-07-18 16:46:06,11,L11,9,39.7688,-70.8789,36.168,D2_5,D2,>0&<5,NA,5,5.008,1,L11,0.63,ambient_temp
EN668,2021-07-18 16:46:06,11,L11,9,39.7688,-70.8789,36.168,D2_20,D2,>0&<20,NA,5,12.715,1,L11,0.63,ambient_temp
EN668,2021-07-18 16:51:45,11,L11,12,39.7677,-70.8785,13.159,D3_GFF,D3,>0,NA,20,7.656,1,L11,0.75,ambient_temp
EN668,2021-07-18 16:51:45,11,L11,12,39.7677,-70.8785,13.159,D3_5,D3,>0&<5,NA,20,6.446,1,L11,0.75,ambient_temp
EN668,2021-07-18 16:51:45,11,L11,12,39.7677,-70.8785,13.159,D3_20,D3,>0&<20,NA,20,7.664,1,L11,0.75,ambient_temp
EN668,2021-07-18 16:54:34,11,L11,20,39.7672,-70.8783,4.936,D4_GFF,D4,>0,1,65,4.009,1,L11,0.8,ambient_temp
EN668,2021-07-18 16:54:34,11,L11,20,39.7672,-70.8783,4.936,D4_GFF,D4,>0,2,65,3.854,1,L11,0.8,ambient_temp
EN668,2021-07-18 16:54:34,11,L11,20,39.7672,-70.8783,4.936,D4_GFF,D4,>0,3,65,3.792,1,L11,0.8,ambient_temp
EN668,2021-07-18 16:54:34,11,L11,20,39.7672,-70.8783,4.936,D4_10,D4,>0&<10,1,65,5.749,1,L11,0.8,ambient_temp
EN668,2021-07-18 16:54:34,11,L11,20,39.7672,-70.8783,4.936,D4_10,D4,>0&<10,2,65,3.164,1,L11,0.8,ambient_temp
EN668,2021-07-18 16:54:34,11,L11,20,39.7672,-70.8783,4.936,D4_10,D4,>0&<10,3,65,3.529,1,L11,0.8,ambient_temp
EN668,2021-07-18 16:54:34,11,L11,20,39.7672,-70.8783,4.936,D4_5,D4,>0&<5,NA,65,1.295,1,L11,0.8,ambient_temp
EN668,2021-07-18 16:54:34,11,L11,20,39.7672,-70.8783,4.936,D4_20,D4,>0&<20,NA,65,4.554,1,L11,0.8,ambient_temp
EN668,2021-07-20 15:01:22,20,d6a,17,40.3604,-70.9974,3.816,D1_GFF,D1,>0,NA,NA,NA,4,d6a,0.53,ambient_temp
EN668,2021-07-20 15:01:22,20,d6a,17,40.3604,-70.9974,3.816,D1_5,D1,>0&<5,NA,NA,NA,4,d6a,0.53,ambient_temp
EN668,2021-07-20 15:01:22,20,d6a,17,40.3604,-70.9974,3.816,D1_20,D1,>0&<20,NA,NA,NA,4,d6a,0.53,ambient_temp
AR61B,2021-11-08 21:54:11,2,L2,6,41.0287,-70.887200000000007,25.586,D1_GFF,D1,>0,NA,0.1,14.193,1,L2,0.36,ambient_temp
AR61B,2021-11-08 21:54:11,2,L2,6,41.0287,-70.887200000000007,25.586,D1_5,D1,>0&<5,NA,0.1,5.22,1,L2,0.36,ambient_temp
AR61B,2021-11-08 21:54:11,2,L2,6,41.0287,-70.887200000000007,25.586,D1_20,D1,>0&<20,NA,0.1,11.238,1,L2,0.36,ambient_temp
AR61B,2021-11-08 21:56:49,2,L2,9,41.0287,-70.887200000000007,16.831,D2_GFF,D2,>0,NA,5,49.689,1,L2,0.36,ambient_temp
AR61B,2021-11-08 21:56:49,2,L2,9,41.0287,-70.887200000000007,16.831,D2_5,D2,>0&<5,NA,5,17.794,1,L2,0.36,ambient_temp
AR61B,2021-11-08 21:56:49,2,L2,9,41.0287,-70.887200000000007,16.831,D2_20,D2,>0&<20,NA,5,39.18,1,L2,0.36,ambient_temp
AR61B,2021-11-08 21:59:45,2,L2,14,41.0287,-70.887200000000007,3.965,D3_GFF,D3,>0,NA,65,86.684,1,L2,0.36,ambient_temp
AR61B,2021-11-08 21:59:45,2,L2,14,41.0287,-70.887200000000007,3.965,D3_5,D3,>0&<5,NA,65,23.559,1,L2,0.36,ambient_temp
AR61B,2021-11-08 21:59:45,2,L2,14,41.0287,-70.887200000000007,3.965,D3_20,D3,>0&<20,NA,65,54.644,1,L2,0.36,ambient_temp
AR61B,2021-11-09 02:10:30,4,L4,10,40.6965,-70.8835,42.654,D1_GFF,D1,>0,NA,0.1,1.329,1,L4,0.03,ambient_temp
AR61B,2021-11-09 02:10:30,4,L4,10,40.6965,-70.8835,42.654,D1_5,D1,>0&<5,NA,0.1,0.545,1,L4,0.03,ambient_temp
AR61B,2021-11-09 02:10:30,4,L4,10,40.6965,-70.8835,42.654,D1_20,D1,>0&<20,NA,0.1,0.876,1,L4,0.03,ambient_temp
AR61B,2021-11-09 02:13:55,4,L4,14,40.6965,-70.8835,25.017,D2_GFF,D2,>0,NA,5,32.002,1,L4,0.03,ambient_temp
AR61B,2021-11-09 02:13:55,4,L4,14,40.6965,-70.8835,25.017,D2_5,D2,>0&<5,NA,5,8.152,1,L4,0.03,ambient_temp
AR61B,2021-11-09 02:13:55,4,L4,14,40.6965,-70.8835,25.017,D2_20,D2,>0&<20,NA,5,19.335,1,L4,0.03,ambient_temp
AR61B,2021-11-09 02:17:11,4,L4,17,40.6965,-70.8835,4.634,D3_GFF,D3,>0,NA,65,104.636,1,L4,0.03,ambient_temp
AR61B,2021-11-09 02:17:11,4,L4,17,40.6965,-70.8835,4.634,D3_5,D3,>0&<5,NA,65,33.474,1,L4,0.03,ambient_temp
AR61B,2021-11-09 02:17:11,4,L4,17,40.6965,-70.8835,4.634,D3_20,D3,>0&<20,NA,65,59.435,1,L4,0.03,ambient_temp
AR61B,2021-11-11 14:07:34,18,L6,8,40.3637,-70.883,50.97,D1_GFF,D1,>0,NA,0.1,1.585,1,L6,0.05,ambient_temp
AR61B,2021-11-11 14:07:34,18,L6,8,40.3637,-70.883,50.97,D1_5,D1,>0&<5,NA,0.1,0.51,1,L6,0.05,ambient_temp
AR61B,2021-11-11 14:07:34,18,L6,8,40.3637,-70.883,50.97,D1_20,D1,>0&<20,NA,0.1,0.963,1,L6,0.05,ambient_temp
AR61B,2021-11-11 14:12:58,18,L6,15,40.3637,-70.883,25.453,D2_GFF,D2,>0,NA,5,44.921,1,L6,0.05,ambient_temp
AR61B,2021-11-11 14:12:58,18,L6,15,40.3637,-70.883,25.453,D2_5,D2,>0&<5,NA,5,9.236,1,L6,0.05,ambient_temp
AR61B,2021-11-11 14:12:58,18,L6,15,40.3637,-70.883,25.453,D2_20,D2,>0&<20,NA,5,16.163,1,L6,0.05,ambient_temp
AR61B,2021-11-11 14:15:36,18,L6,20,40.3637,-70.883,6.781,D3_GFF,D3,>0,NA,65,60.77,1,L6,0.05,ambient_temp
AR61B,2021-11-11 14:15:36,18,L6,20,40.3637,-70.883,6.781,D3_5,D3,>0&<5,NA,65,10.701,1,L6,0.05,ambient_temp
AR61B,2021-11-11 14:15:36,18,L6,20,40.3637,-70.883,6.781,D3_20,D3,>0&<20,NA,65,17.973,1,L6,0.05,ambient_temp
AR61B,2021-11-10 21:23:56,12,L8,6,40.1363,-70.7757,52.376,D1_GFF,D1,>0,NA,0.1,0.516,1,L8,0.07,ambient_temp
AR61B,2021-11-10 21:23:56,12,L8,6,40.1363,-70.7757,52.376,D1_5,D1,>0&<5,NA,0.1,0.294,1,L8,0.07,ambient_temp
AR61B,2021-11-10 21:23:56,12,L8,6,40.1363,-70.7757,52.376,D1_20,D1,>0&<20,NA,0.1,0.382,1,L8,0.07,ambient_temp
AR61B,2021-11-10 21:26:31,12,L8,10,40.1363,-70.7757,40.176,D2_GFF,D2,>0,NA,10,3.276,1,L8,0.07,ambient_temp
AR61B,2021-11-10 21:26:31,12,L8,10,40.1363,-70.7757,40.176,D2_5,D2,>0&<5,NA,10,1.55,1,L8,0.07,ambient_temp
AR61B,2021-11-10 21:26:31,12,L8,10,40.1363,-70.7757,40.176,D2_20,D2,>0&<20,NA,10,2.188,1,L8,0.07,ambient_temp
AR61B,2021-11-10 21:29:57,12,L8,15,40.1363,-70.7757,25.164,D3_GFF,D3,>0,NA,5,11.829,1,L8,0.07,ambient_temp
AR61B,2021-11-10 21:29:57,12,L8,15,40.1363,-70.7757,25.164,D3_5,D3,>0&<5,NA,5,3.258,1,L8,0.07,ambient_temp
AR61B,2021-11-10 21:29:57,12,L8,15,40.1363,-70.7757,25.164,D3_20,D3,>0&<20,NA,5,4.969,1,L8,0.07,ambient_temp
AR61B,2021-11-10 21:35:54,12,L8,23,40.1363,-70.7757,7.615,D4_GFF,D4,>0,NA,65,81.34,1,L8,0.07,ambient_temp
AR61B,2021-11-10 21:35:54,12,L8,23,40.1363,-70.7757,7.615,D4_5,D4,>0&<5,NA,65,21.742,1,L8,0.07,ambient_temp
AR61B,2021-11-10 21:35:54,12,L8,23,40.1363,-70.7757,7.615,D4_20,D4,>0&<20,NA,65,42.513,1,L8,0.07,ambient_temp
AR61B,2021-11-10 03:15:06,9,L11,10,39.7733,-70.8822,66.055,D1_GFF,D1,>0,NA,1,4.537,1,L11,0.1,ambient_temp
AR61B,2021-11-10 03:15:06,9,L11,10,39.7733,-70.8822,66.055,D1_5,D1,>0&<5,NA,1,1.656,1,L11,0.1,ambient_temp
AR61B,2021-11-10 03:15:06,9,L11,10,39.7733,-70.8822,66.055,D1_20,D1,>0&<20,NA,1,3.099,1,L11,0.1,ambient_temp
AR61B,2021-11-10 03:18:00,9,L11,14,39.7733,-70.8822,37.33,D2_GFF,D2,>0,NA,10,11.823,1,L11,0.1,ambient_temp
AR61B,2021-11-10 03:18:00,9,L11,14,39.7733,-70.8822,37.33,D2_5,D2,>0&<5,NA,10,3.904,1,L11,0.1,ambient_temp
AR61B,2021-11-10 03:18:00,9,L11,14,39.7733,-70.8822,37.33,D2_20,D2,>0&<20,NA,10,7.054,1,L11,0.1,ambient_temp
AR61B,2021-11-10 03:20:46,9,L11,18,39.7733,-70.8822,15.958,D3_GFF,D3,>0,NA,30,47.215,1,L11,0.1,ambient_temp
AR61B,2021-11-10 03:20:46,9,L11,18,39.7733,-70.8822,15.958,D3_5,D3,>0&<5,NA,30,14.662,1,L11,0.1,ambient_temp
AR61B,2021-11-10 03:20:46,9,L11,18,39.7733,-70.8822,15.958,D3_20,D3,>0&<20,NA,30,24.527,1,L11,0.1,ambient_temp
AR61B,2021-11-10 03:22:49,9,L11,22,39.7733,-70.8822,4.347,D4_GFF,D4,>0,NA,65,64.236,1,L11,0.1,ambient_temp
AR61B,2021-11-10 03:22:49,9,L11,22,39.7733,-70.8822,4.347,D4_5,D4,>0&<5,NA,65,10.59,1,L11,0.1,ambient_temp
AR61B,2021-11-10 03:22:49,9,L11,22,39.7733,-70.8822,4.347,D4_20,D4,>0&<20,NA,65,17.73,1,L11,0.1,ambient_temp
AT46,2022-02-16 18:30:12,1,L1,4,41.1968,-70.883,17.984,D1_GFF,D1,>0,NA,0.1,17.851,1,L1,0.03,ambient_temp
AT46,2022-02-16 18:30:12,1,L1,4,41.1968,-70.883,17.984,D1_5,D1,>0&<5,NA,0.1,1.793,1,L1,0.03,ambient_temp
AT46,2022-02-16 18:30:12,1,L1,4,41.1968,-70.883,17.984,D1_20,D1,>0&<20,NA,0.1,6.556,1,L1,0.03,ambient_temp
AT46,2022-02-16 18:33:28,1,L1,9,41.1967,-70.8828,9.859,D2_GFF,D2,>0,NA,10,59.853,1,L1,0.04,ambient_temp
AT46,2022-02-16 18:33:28,1,L1,9,41.1967,-70.8828,9.859,D2_5,D2,>0&<5,NA,10,7.211,1,L1,0.04,ambient_temp
AT46,2022-02-16 18:33:28,1,L1,9,41.1967,-70.8828,9.859,D2_20,D2,>0&<20,NA,10,23.92,1,L1,0.04,ambient_temp
AT46,2022-02-16 18:35:53,1,L1,15,41.1966,-70.8828,1.787,D3_GFF,D3,>0,1,65,57.235,1,L1,0.04,ambient_temp
AT46,2022-02-16 18:35:53,1,L1,15,41.1966,-70.8828,1.787,D3_GFF,D3,>0,2,65,62.49,1,L1,0.04,ambient_temp
AT46,2022-02-16 18:35:53,1,L1,15,41.1966,-70.8828,1.787,D3_10,D3,>0&<10,1,65,16.023,1,L1,0.04,ambient_temp
AT46,2022-02-16 18:35:53,1,L1,15,41.1966,-70.8828,1.787,D3_10,D3,>0&<10,2,65,15.17,1,L1,0.04,ambient_temp
AT46,2022-02-16 18:35:53,1,L1,15,41.1966,-70.8828,1.787,D3_10,D3,>0&<10,3,65,14.792,1,L1,0.04,ambient_temp
AT46,2022-02-16 18:35:53,1,L1,15,41.1966,-70.8828,1.787,D3_5,D3,>0&<5,NA,65,3.833,1,L1,0.04,ambient_temp
AT46,2022-02-16 18:35:53,1,L1,15,41.1966,-70.8828,1.787,D3_20,D3,>0&<20,NA,65,22.679,1,L1,0.04,ambient_temp
AT46,2022-02-20 01:19:32,17,L2,6,41.0268,-70.8854,27.86,D1_GFF,D1,>0,NA,0.1,4.466,1,L2,0.4,ambient_temp
AT46,2022-02-20 01:19:32,17,L2,6,41.0268,-70.8854,27.86,D1_20,D1,>0&<20,NA,0.1,1.292,1,L2,0.4,ambient_temp
AT46,2022-02-20 01:22:00,17,L2,11,41.0268,-70.8855,15.737,D2_GFF,D2,>0,NA,5,93.468,1,L2,0.4,ambient_temp
AT46,2022-02-20 01:22:00,17,L2,11,41.0268,-70.8855,15.737,D2_5,D2,>0&<5,NA,5,0.221,1,L2,0.4,ambient_temp
AT46,2022-02-20 01:22:00,17,L2,11,41.0268,-70.8855,15.737,D2_20,D2,>0&<20,NA,5,19.015,1,L2,0.4,ambient_temp
AT46,2022-02-20 01:23:53,17,L2,16,41.027,-70.8859,7.414,D3_GFF,D3,>0,1,65,134.128,1,L2,0.4,ambient_temp
AT46,2022-02-20 01:23:53,17,L2,16,41.027,-70.8859,7.414,D3_GFF,D3,>0,2,65,131.475,1,L2,0.4,ambient_temp
AT46,2022-02-20 01:23:53,17,L2,16,41.027,-70.8859,7.414,D3_GFF,D3,>0,3,65,138.89,1,L2,0.4,ambient_temp
AT46,2022-02-20 01:23:53,17,L2,16,41.027,-70.8859,7.414,D3_20,D3,>0&<20,NA,65,34.491,1,L2,0.4,ambient_temp
AT46,2022-02-19 23:47:36,16,L3,19,40.8606,-70.8824,7.08,D3_GFF,D3,>0,1,65,75.124,1,L3,0.31,ambient_temp
AT46,2022-02-19 23:47:36,16,L3,19,40.8606,-70.8824,7.08,D3_GFF,D3,>0,2,65,79.366,1,L3,0.31,ambient_temp
AT46,2022-02-19 23:47:36,16,L3,19,40.8606,-70.8824,7.08,D3_GFF,D3,>0,3,65,71.106,1,L3,0.31,ambient_temp
AT46,2022-02-19 23:47:36,16,L3,19,40.8606,-70.8824,7.08,D3_10,D3,>0&<10,1,65,7.303,1,L3,0.31,ambient_temp
AT46,2022-02-19 23:47:36,16,L3,19,40.8606,-70.8824,7.08,D3_10,D3,>0&<10,2,65,14.77,1,L3,0.31,ambient_temp
AT46,2022-02-19 23:47:36,16,L3,19,40.8606,-70.8824,7.08,D3_10,D3,>0&<10,3,65,7.217,1,L3,0.31,ambient_temp
AT46,2022-02-17 02:38:34,2,L4,10,40.6968,-70.8817,38.628,D1_GFF,D1,>0,NA,1,2.247,1,L4,0.14,ambient_temp
AT46,2022-02-17 02:38:34,2,L4,10,40.6968,-70.8817,38.628,D1_5,D1,>0&<5,NA,1,0.413,1,L4,0.14,ambient_temp
AT46,2022-02-17 02:38:34,2,L4,10,40.6968,-70.8817,38.628,D1_20,D1,>0&<20,NA,1,0.729,1,L4,0.14,ambient_temp
AT46,2022-02-17 02:42:49,2,L4,16,40.6973,-70.8814,17.596,D2_GFF,D2,>0,NA,10,19.078,1,L4,0.17,ambient_temp
AT46,2022-02-17 02:42:49,2,L4,16,40.6973,-70.8814,17.596,D2_5,D2,>0&<5,NA,10,1.791,1,L4,0.17,ambient_temp
AT46,2022-02-17 02:42:49,2,L4,16,40.6973,-70.8814,17.596,D2_20,D2,>0&<20,NA,10,4.424,1,L4,0.17,ambient_temp
AT46,2022-02-17 02:46:05,2,L4,21,40.6974,-70.8813,2.67,D3_GFF,D3,>0,1,65,23.884,1,L4,0.18,ambient_temp
AT46,2022-02-17 02:46:05,2,L4,21,40.6974,-70.8813,2.67,D3_GFF,D3,>0,2,65,26.847,1,L4,0.18,ambient_temp
AT46,2022-02-17 02:46:05,2,L4,21,40.6974,-70.8813,2.67,D3_GFF,D3,>0,3,65,23.985,1,L4,0.18,ambient_temp
AT46,2022-02-17 02:46:05,2,L4,21,40.6974,-70.8813,2.67,D3_10,D3,>0&<10,1,65,6.052,1,L4,0.18,ambient_temp
AT46,2022-02-17 02:46:05,2,L4,21,40.6974,-70.8813,2.67,D3_10,D3,>0&<10,2,65,4.549,1,L4,0.18,ambient_temp
AT46,2022-02-17 02:46:05,2,L4,21,40.6974,-70.8813,2.67,D3_10,D3,>0&<10,3,65,4.262,1,L4,0.18,ambient_temp
AT46,2022-02-17 02:46:05,2,L4,21,40.6974,-70.8813,2.67,D3_5,D3,>0&<5,NA,65,2.302,1,L4,0.18,ambient_temp
AT46,2022-02-17 02:46:05,2,L4,21,40.6974,-70.8813,2.67,D3_20,D3,>0&<20,NA,65,5.758,1,L4,0.18,ambient_temp
AT46,2022-02-17 13:18:21,6,L6,9,40.364,-70.8813,50.049,D1_GFF,D1,>0,NA,0.1,0.392,1,L6,0.19,ambient_temp
AT46,2022-02-17 13:18:21,6,L6,9,40.364,-70.8813,50.049,D1_5,D1,>0&<5,NA,0.1,0.152,1,L6,0.19,ambient_temp
AT46,2022-02-17 13:18:21,6,L6,9,40.364,-70.8813,50.049,D1_20,D1,>0&<20,NA,0.1,0.26,1,L6,0.19,ambient_temp
AT46,2022-02-17 13:23:24,6,L6,15,40.3635,-70.8812,22.299,D2_GFF,D2,>0,NA,10,18.346,1,L6,0.18,ambient_temp
AT46,2022-02-17 13:23:24,6,L6,15,40.3635,-70.8812,22.299,D2_5,D2,>0&<5,NA,10,3.182,1,L6,0.18,ambient_temp
AT46,2022-02-17 13:23:24,6,L6,15,40.3635,-70.8812,22.299,D2_20,D2,>0&<20,NA,10,7.258,1,L6,0.18,ambient_temp
AT46,2022-02-17 13:27:08,6,L6,20,40.3634,-70.8813,3.181,D3_GFF,D3,>0,1,65,31.097,1,L6,0.17,ambient_temp
AT46,2022-02-17 13:27:08,6,L6,20,40.3634,-70.8813,3.181,D3_GFF,D3,>0,2,65,28.742,1,L6,0.17,ambient_temp
AT46,2022-02-17 13:27:08,6,L6,20,40.3634,-70.8813,3.181,D3_GFF,D3,>0,3,65,29.697,1,L6,0.17,ambient_temp
AT46,2022-02-17 13:27:08,6,L6,20,40.3634,-70.8813,3.181,D3_10,D3,>0&<10,1,65,11.552,1,L6,0.17,ambient_temp
AT46,2022-02-17 13:27:08,6,L6,20,40.3634,-70.8813,3.181,D3_10,D3,>0&<10,2,65,11.885,1,L6,0.17,ambient_temp
AT46,2022-02-17 13:27:08,6,L6,20,40.3634,-70.8813,3.181,D3_10,D3,>0&<10,3,65,12.601,1,L6,0.17,ambient_temp
AT46,2022-02-17 13:27:08,6,L6,20,40.3634,-70.8813,3.181,D3_5,D3,>0&<5,NA,65,7.166,1,L6,0.17,ambient_temp
AT46,2022-02-17 13:27:08,6,L6,20,40.3634,-70.8813,3.181,D3_20,D3,>0&<20,NA,65,13.558,1,L6,0.17,ambient_temp
AT46,2022-02-19 03:29:36,13,L8,8,40.1345,-70.7819,59.076,D1_GFF,D1,>0,NA,0.1,0.341,1,L8,0.64,ambient_temp
AT46,2022-02-19 03:29:36,13,L8,8,40.1345,-70.7819,59.076,D1_5,D1,>0&<5,NA,0.1,0.222,1,L8,0.64,ambient_temp
AT46,2022-02-19 03:29:36,13,L8,8,40.1345,-70.7819,59.076,D1_20,D1,>0&<20,NA,0.1,0.309,1,L8,0.64,ambient_temp
AT46,2022-02-19 03:32:16,13,L8,12,40.1343,-70.7821,44.975,D2_GFF,D2,>0,NA,10,2.561,1,L8,0.66,ambient_temp
AT46,2022-02-19 03:32:16,13,L8,12,40.1343,-70.7821,44.975,D2_5,D2,>0&<5,NA,10,1.173,1,L8,0.66,ambient_temp
AT46,2022-02-19 03:32:16,13,L8,12,40.1343,-70.7821,44.975,D2_20,D2,>0&<20,NA,10,1.549,1,L8,0.66,ambient_temp
AT46,2022-02-19 03:35:28,13,L8,16,40.1339,-70.7825,27.728,D3_GFF,D3,>0,NA,10,23.369,1,L8,0.71,ambient_temp
AT46,2022-02-19 03:35:28,13,L8,16,40.1339,-70.7825,27.728,D3_5,D3,>0&<5,NA,10,3.431,1,L8,0.71,ambient_temp
AT46,2022-02-19 03:35:28,13,L8,16,40.1339,-70.7825,27.728,D3_20,D3,>0&<20,NA,10,6.369,1,L8,0.71,ambient_temp
AT46,2022-02-19 03:38:53,13,L8,21,40.1335,-70.7831,7.72,D4_GFF,D4,>0,1,65,19.263,1,L8,0.78,ambient_temp
AT46,2022-02-19 03:38:53,13,L8,21,40.1335,-70.7831,7.72,D4_GFF,D4,>0,2,65,21.533,1,L8,0.78,ambient_temp
AT46,2022-02-19 03:38:53,13,L8,21,40.1335,-70.7831,7.72,D4_GFF,D4,>0,3,65,30.48,1,L8,0.78,ambient_temp
AT46,2022-02-19 03:38:53,13,L8,21,40.1335,-70.7831,7.72,D4_10,D4,>0&<10,1,65,10.562,1,L8,0.78,ambient_temp
AT46,2022-02-19 03:38:53,13,L8,21,40.1335,-70.7831,7.72,D4_10,D4,>0&<10,2,65,9.462,1,L8,0.78,ambient_temp
AT46,2022-02-19 03:38:53,13,L8,21,40.1335,-70.7831,7.72,D4_10,D4,>0&<10,3,65,10.013,1,L8,0.78,ambient_temp
AT46,2022-02-19 03:38:53,13,L8,21,40.1335,-70.7831,7.72,D4_5,D4,>0&<5,NA,65,6.912,1,L8,0.78,ambient_temp
AT46,2022-02-19 03:38:53,13,L8,21,40.1335,-70.7831,7.72,D4_20,D4,>0&<20,NA,65,12.251,1,L8,0.78,ambient_temp
AT46,2022-02-19 21:37:21,15,L4,2,40.6955,-70.8814,30.475,D1_GFF,D1,>0,NA,0.1,1.757,1,L4,0.21,ambient_temp
AT46,2022-02-19 21:37:21,15,L4,2,40.6955,-70.8814,30.475,D1_5,D1,>0&<5,NA,0.1,0.651,1,L4,0.21,ambient_temp
AT46,2022-02-19 21:37:21,15,L4,2,40.6955,-70.8814,30.475,D1_20,D1,>0&<20,NA,0.1,1.206,1,L4,0.21,ambient_temp
AT46,2022-02-19 21:42:14,15,L4,4,40.6952,-70.8814,7.631,D2_GFF,D2,>0,NA,65,26.422,1,L4,0.23,ambient_temp
AT46,2022-02-19 21:42:14,15,L4,4,40.6952,-70.8814,7.631,D2_5,D2,>0&<5,NA,65,5.237,1,L4,0.23,ambient_temp
AT46,2022-02-19 21:42:14,15,L4,4,40.6952,-70.8814,7.631,D2_20,D2,>0&<20,NA,65,13.567,1,L4,0.23,ambient_temp
AT46,2022-02-17 22:04:52,7,L11,7,39.7726,-70.8807,67.252,D1_GFF,D1,>0,NA,0.1,0.255,1,L11,0.24,ambient_temp
AT46,2022-02-17 22:04:52,7,L11,7,39.7726,-70.8807,67.252,D1_5,D1,>0&<5,NA,0.1,0.159,1,L11,0.24,ambient_temp
AT46,2022-02-17 22:04:52,7,L11,7,39.7726,-70.8807,67.252,D1_20,D1,>0&<20,NA,0.1,0.176,1,L11,0.24,ambient_temp
AT46,2022-02-17 22:09:21,7,L11,8,39.7726,-70.8806,45.678,D2_GFF,D2,>0,NA,1,1.065,1,L11,0.24,ambient_temp
AT46,2022-02-17 22:09:21,7,L11,8,39.7726,-70.8806,45.678,D2_5,D2,>0&<5,NA,1,0.671,1,L11,0.24,ambient_temp
AT46,2022-02-17 22:09:21,7,L11,8,39.7726,-70.8806,45.678,D2_20,D2,>0&<20,NA,1,0.869,1,L11,0.24,ambient_temp
AT46,2022-02-17 22:15:10,7,L11,16,39.7726,-70.8803,20.853,D3_GFF,D3,>0,1,NA,0.58,1,L11,0.27,ambient_temp
AT46,2022-02-17 22:15:10,7,L11,16,39.7726,-70.8803,20.853,D3_GFF,D3,>0,2,NA,0.367,1,L11,0.27,ambient_temp
AT46,2022-02-17 22:19:07,7,L11,21,39.7726,-70.8802,3.061,D4_GFF,D4,>0,1,65,21.213,1,L11,0.27,ambient_temp
AT46,2022-02-17 22:15:10,7,L11,16,39.7726,-70.8803,20.853,D3_GFF,D3,>0,3,NA,0.5,1,L11,0.27,ambient_temp
AT46,2022-02-17 22:19:07,7,L11,21,39.7726,-70.8802,3.061,D4_GFF,D4,>0,2,65,20.738,1,L11,0.27,ambient_temp
AT46,2022-02-17 22:15:10,7,L11,16,39.7726,-70.8803,20.853,D3_10,D3,>0&<10,1,NA,0.298,1,L11,0.27,ambient_temp
AT46,2022-02-17 22:19:07,7,L11,21,39.7726,-70.8802,3.061,D4_10,D4,>0&<10,3,65,18.94,1,L11,0.27,ambient_temp
AT46,2022-02-17 22:19:07,7,L11,21,39.7726,-70.8802,3.061,D4_10,D4,>0&<10,4,65,10.19,1,L11,0.27,ambient_temp
AT46,2022-02-17 22:19:07,7,L11,21,39.7726,-70.8802,3.061,D4_5,D4,>0&<5,NA,65,8.348,1,L11,0.27,ambient_temp
AT46,2022-02-17 22:19:07,7,L11,21,39.7726,-70.8802,3.061,D4_20,D4,>0&<20,NA,65,13.024,1,L11,0.27,ambient_temp
AT46,2022-02-20 01:19:32,17,L2,6,41.0268,-70.8854,27.86,D1_5,D1,>0&<5,NA,0.1,2.381,1,L2,0.4,ambient_temp
AT46,2022-02-20 01:23:53,17,L2,16,41.027,-70.8859,7.414,D3_10,D3,>0&<10,1,65,9.184,1,L2,0.4,ambient_temp
AT46,2022-02-20 01:23:53,17,L2,16,41.027,-70.8859,7.414,D3_10,D3,>0&<10,2,65,8.514,1,L2,0.4,ambient_temp
AT46,2022-02-20 01:23:53,17,L2,16,41.027,-70.8859,7.414,D3_10,D3,>0&<10,3,65,8.483,1,L2,0.4,ambient_temp
AT46,2022-02-20 01:23:53,17,L2,16,41.027,-70.8859,7.414,D3_5,D3,>0&<5,NA,65,3.943,1,L2,0.4,ambient_temp
AT46,2022-02-16 18:35:53,1,L1,15,41.1966,-70.8828,1.787,D3_GFF,D3,>0,3,65,101.773,3,L1,0.04,ambient_temp
EN687,2022-07-29 19:22:29,1,L1,5,41.1897,-70.8754,16.024,D1_GFF,D1,>0,NA,5,22.853,1,L1,1.02,ambient_temp
EN687,2022-07-29 19:22:29,1,L1,5,41.1897,-70.8754,16.024,D1_5,D1,>0&<5,NA,5,7.589,1,L1,1.02,ambient_temp
EN687,2022-07-29 19:22:29,1,L1,5,41.1897,-70.8754,16.024,D1_20,D1,>0&<20,NA,5,16.424,1,L1,1.02,ambient_temp
EN687,2022-07-29 19:25:01,1,L1,12,41.1898,-70.8748,13.496,D2_GFF,D2,>0,NA,20,47.206,1,L1,1.05,ambient_temp
EN687,2022-07-29 19:25:01,1,L1,12,41.1898,-70.8748,13.496,D2_5,D2,>0&<5,NA,20,17.626,1,L1,1.05,ambient_temp
EN687,2022-07-29 19:25:01,1,L1,12,41.1898,-70.8748,13.496,D2_20,D2,>0&<20,NA,20,38.19,1,L1,1.05,ambient_temp
EN687,2022-07-29 19:27:02,1,L1,17,41.1896,-70.8744,3.029,D3_GFF,D3,>0,1,65,66.041,1,L1,1.09,ambient_temp
EN687,2022-07-29 19:27:02,1,L1,17,41.1896,-70.8744,3.029,D3_GFF,D3,>0,2,65,61.195,1,L1,1.09,ambient_temp
EN687,2022-07-29 19:27:02,1,L1,17,41.1896,-70.8744,3.029,D3_GFF,D3,>0,3,65,59.768,1,L1,1.09,ambient_temp
EN687,2022-07-29 19:27:02,1,L1,17,41.1896,-70.8744,3.029,D3_5,D3,>0&<5,1,65,19.612,1,L1,1.09,ambient_temp
EN687,2022-07-29 19:27:02,1,L1,17,41.1896,-70.8744,3.029,D3_5,D3,>0&<5,2,65,19.565,1,L1,1.09,ambient_temp
EN687,2022-07-29 19:27:02,1,L1,17,41.1896,-70.8744,3.029,D3_20,D3,>0&<20,1,65,54.404,1,L1,1.09,ambient_temp
EN687,2022-07-29 19:27:02,1,L1,17,41.1896,-70.8744,3.029,D3_5,D3,>0&<5,3,65,17.165,1,L1,1.09,ambient_temp
EN687,2022-07-29 19:27:02,1,L1,17,41.1896,-70.8744,3.029,D3_20,D3,>0&<20,2,65,52.443,1,L1,1.09,ambient_temp
EN687,2022-07-29 19:27:02,1,L1,17,41.1896,-70.8744,3.029,D3_20,D3,>0&<20,3,65,56.694,1,L1,1.09,ambient_temp
EN687,2022-07-30 03:05:24,2,L2,7,41.0266,-70.8831,25.249,D1_GFF,D1,>0,NA,1,6.555,1,L2,0.38,ambient_temp
EN687,2022-07-30 03:05:24,2,L2,7,41.0266,-70.8831,25.249,D1_5,D1,>0&<5,NA,1,2.97,1,L2,0.38,ambient_temp
EN687,2022-07-30 03:05:24,2,L2,7,41.0266,-70.8831,25.249,D1_20,D1,>0&<20,NA,1,5.718,1,L2,0.38,ambient_temp
EN687,2022-07-30 03:07:14,2,L2,12,41.0264,-70.8829,13.763,D2_GFF,D2,>0,NA,10,189.814,1,L2,0.4,ambient_temp
EN687,2022-07-30 03:07:14,2,L2,12,41.0264,-70.8829,13.763,D2_5,D2,>0&<5,NA,10,30.924,1,L2,0.4,ambient_temp
EN687,2022-07-30 03:07:14,2,L2,12,41.0264,-70.8829,13.763,D2_20,D2,>0&<20,NA,10,86.953,1,L2,0.4,ambient_temp
EN687,2022-07-30 03:09:25,2,L2,18,41.0262,-70.8826,2.686,D3_GFF,D3,>0,1,65,35.362,1,L2,0.42,ambient_temp
EN687,2022-07-30 03:09:25,2,L2,18,41.0262,-70.8826,2.686,D3_GFF,D3,>0,2,65,35.467,1,L2,0.42,ambient_temp
EN687,2022-07-30 03:09:25,2,L2,18,41.0262,-70.8826,2.686,D3_GFF,D3,>0,3,65,35.278,1,L2,0.42,ambient_temp
EN687,2022-07-30 03:09:25,2,L2,18,41.0262,-70.8826,2.686,D3_5,D3,>0&<5,NA,65,11.266,1,L2,0.42,ambient_temp
EN687,2022-07-30 03:09:25,2,L2,18,41.0262,-70.8826,2.686,D3_20,D3,>0&<20,NA,65,30.462,1,L2,0.42,ambient_temp
EN687,2022-07-30 11:50:59,5,L4,6,40.7018,-70.8847,40.54,D1_GFF,D1,>0,NA,0.1,0.375,1,L4,0.58,ambient_temp
EN687,2022-07-30 11:50:59,5,L4,6,40.7018,-70.8847,40.54,D1_5,D1,>0&<5,NA,0.1,0.091,1,L4,0.58,ambient_temp
EN687,2022-07-30 11:50:59,5,L4,6,40.7018,-70.8847,40.54,D1_20,D1,>0&<20,NA,0.1,0.257,1,L4,0.58,ambient_temp
EN687,2022-07-30 11:53:13,5,L4,10,40.7024,-70.885,30.495,D2_GFF,D2,>0,NA,1,7.684,1,L4,0.65,ambient_temp
EN687,2022-07-30 11:53:13,5,L4,10,40.7024,-70.885,30.495,D2_5,D2,>0&<5,NA,1,3.371,1,L4,0.65,ambient_temp
EN687,2022-07-30 11:53:13,5,L4,10,40.7024,-70.885,30.495,D2_20,D2,>0&<20,NA,1,5.873,1,L4,0.65,ambient_temp
EN687,2022-07-30 11:54:53,5,L4,13,40.7028,-70.8852,16.214,D3_GFF,D3,>0,NA,10,29.071,1,L4,0.69,ambient_temp
EN687,2022-07-30 11:54:53,5,L4,13,40.7028,-70.8852,16.214,D3_5,D3,>0&<5,NA,10,12.145,1,L4,0.69,ambient_temp
EN687,2022-07-30 11:54:53,5,L4,13,40.7028,-70.8852,16.214,D3_20,D3,>0&<20,NA,10,18.019,1,L4,0.69,ambient_temp
EN687,2022-07-30 11:58:01,5,L4,21,40.7034,-70.8854,2.998,D4_GFF,D4,>0,1,65,33.273,1,L4,0.77,ambient_temp
EN687,2022-07-30 11:58:01,5,L4,21,40.7034,-70.8854,2.998,D4_GFF,D4,>0,2,65,36.52,1,L4,0.77,ambient_temp
EN687,2022-07-30 11:58:01,5,L4,21,40.7034,-70.8854,2.998,D4_GFF,D4,>0,3,65,36.96,1,L4,0.77,ambient_temp
EN687,2022-07-30 11:58:01,5,L4,21,40.7034,-70.8854,2.998,D4_10,D4,>0&<10,1,65,27.999,1,L4,0.77,ambient_temp
EN687,2022-07-30 11:58:01,5,L4,21,40.7034,-70.8854,2.998,D4_10,D4,>0&<10,2,65,22.341,1,L4,0.77,ambient_temp
EN687,2022-07-30 11:58:01,5,L4,21,40.7034,-70.8854,2.998,D4_10,D4,>0&<10,3,65,23.071,1,L4,0.77,ambient_temp
EN687,2022-07-30 11:58:01,5,L4,21,40.7034,-70.8854,2.998,D4_5,D4,>0&<5,NA,65,10.417,1,L4,0.77,ambient_temp
EN687,2022-07-30 11:58:01,5,L4,21,40.7034,-70.8854,2.998,D4_20,D4,>0&<20,NA,65,30.655,1,L4,0.77,ambient_temp
EN687,2022-07-30 11:53:13,5,L4,10,40.7024,-70.885,30.495,D2_10,D2,>0&<10,NA,1,2.658,1,L4,0.65,ambient_temp
EN687,2022-08-02 03:39:15,18,L6,8,40.3593,-70.879,30.502,D1_GFF,D1,>0,NA,5,11.893,1,L6,0.57,ambient_temp
EN687,2022-08-02 03:39:15,18,L6,8,40.3593,-70.879,30.502,D1_5,D1,>0&<5,NA,5,3.733,1,L6,0.57,ambient_temp
EN687,2022-08-02 03:39:15,18,L6,8,40.3593,-70.879,30.502,D1_20,D1,>0&<20,NA,5,11.461,1,L6,0.57,ambient_temp
EN687,2022-08-02 03:41:37,18,L6,12,40.3592,-70.8784,19.179,D2_GFF,D2,>0,NA,10,33.368,1,L6,0.62,ambient_temp
EN687,2022-08-02 03:41:37,18,L6,12,40.3592,-70.8784,19.179,D2_5,D2,>0&<5,1,10,23.368,1,L6,0.62,ambient_temp
EN687,2022-08-02 03:41:37,18,L6,12,40.3592,-70.8784,19.179,D2_5,D2,>0&<5,2,10,19.388,1,L6,0.62,ambient_temp
EN687,2022-08-02 03:41:37,18,L6,12,40.3592,-70.8784,19.179,D2_20,D2,>0&<20,NA,10,30.625,1,L6,0.62,ambient_temp
EN687,2022-08-02 03:44:52,18,L6,16,40.3589,-70.8776,14.188,D3_GFF,D3,>0,NA,20,19.548,1,L6,0.69,ambient_temp
EN687,2022-08-02 03:44:52,18,L6,16,40.3589,-70.8776,14.188,D3_5,D3,>0&<5,NA,20,10.02,1,L6,0.69,ambient_temp
EN687,2022-08-02 03:44:52,18,L6,16,40.3589,-70.8776,14.188,D3_20,D3,>0&<20,NA,20,18.271,1,L6,0.69,ambient_temp
EN687,2022-08-02 03:47:37,18,L6,22,40.3586,-70.8769,3.192,D4_GFF,D4,>0,1,65,14.155,1,L6,0.75,ambient_temp
EN687,2022-08-02 03:47:37,18,L6,22,40.3586,-70.8769,3.192,D4_GFF,D4,>0,2,65,14.377,1,L6,0.75,ambient_temp
EN687,2022-08-02 03:47:37,18,L6,22,40.3586,-70.8769,3.192,D4_GFF,D4,>0,3,65,13.815,1,L6,0.75,ambient_temp
EN687,2022-08-02 03:47:37,18,L6,22,40.3586,-70.8769,3.192,D4_5,D4,>0&<5,NA,65,7.124,1,L6,0.75,ambient_temp
EN687,2022-08-02 03:47:37,18,L6,22,40.3586,-70.8769,3.192,D4_20,D4,>0&<20,NA,65,11.537,1,L6,0.75,ambient_temp
EN687,2022-08-01 13:38:07,16,L8,5,40.144,-70.7732,53.959,D1_GFF,D1,>0,NA,0.1,0.467,1,L8,0.83,ambient_temp
EN687,2022-08-01 13:38:07,16,L8,5,40.144,-70.7732,53.959,D1_5,D1,>0&<5,NA,0.1,0.173,1,L8,0.83,ambient_temp
EN687,2022-08-01 13:38:07,16,L8,5,40.144,-70.7732,53.959,D1_20,D1,>0&<20,NA,0.1,0.318,1,L8,0.83,ambient_temp
EN687,2022-08-01 13:42:13,16,L8,11,40.1446,-70.7735,36.407,D2_GFF,D2,>0,NA,10,15.617,1,L8,0.88,ambient_temp
EN687,2022-08-01 13:42:13,16,L8,11,40.1446,-70.7735,36.407,D2_5,D2,>0&<5,NA,10,6.437,1,L8,0.88,ambient_temp
EN687,2022-08-01 13:42:13,16,L8,11,40.1446,-70.7735,36.407,D2_20,D2,>0&<20,NA,10,21.86,1,L8,0.88,ambient_temp
EN687,2022-08-01 13:44:46,16,L8,15,40.1448,-70.7736,19.368,D3_GFF,D3,>0,NA,10,21.379,1,L8,0.91,ambient_temp
EN687,2022-08-01 13:44:46,16,L8,15,40.1448,-70.7736,19.368,D3_5,D3,>0&<5,NA,10,8.009,1,L8,0.91,ambient_temp
EN687,2022-08-01 13:44:46,16,L8,15,40.1448,-70.7736,19.368,D3_20,D3,>0&<20,NA,10,19.306,1,L8,0.91,ambient_temp
EN687,2022-08-01 13:47:31,16,L8,21,40.1452,-70.7738,2.81,D4_GFF,D4,>0,1,65,25.8,1,L8,0.95,ambient_temp
EN687,2022-08-01 13:47:31,16,L8,21,40.1452,-70.7738,2.81,D4_GFF,D4,>0,2,65,22.61,1,L8,0.95,ambient_temp
EN687,2022-08-01 13:47:31,16,L8,21,40.1452,-70.7738,2.81,D4_GFF,D4,>0,3,65,17.907,1,L8,0.95,ambient_temp
EN687,2022-08-01 13:47:31,16,L8,21,40.1452,-70.7738,2.81,D4_5,D4,>0&<5,NA,65,8.872,1,L8,0.95,ambient_temp
EN687,2022-08-01 13:47:31,16,L8,21,40.1452,-70.7738,2.81,D4_20,D4,>0&<20,NA,65,22.345,1,L8,0.95,ambient_temp
EN687,2022-07-31 16:20:43,10,L11,7,39.7811,-70.8911,50.542,D1_GFF,D1,>0,NA,0.1,0.966,1,L11,1.1,ambient_temp
EN687,2022-07-31 16:20:43,10,L11,7,39.7811,-70.8911,50.542,D1_5,D1,>0&<5,NA,0.1,0.501,1,L11,1.1,ambient_temp
EN687,2022-07-31 16:20:43,10,L11,7,39.7811,-70.8911,50.542,D1_20,D1,>0&<20,NA,0.1,0.748,1,L11,1.1,ambient_temp
EN687,2022-07-31 16:23:58,10,L11,11,39.7817,-70.8917,37.802,D2_GFF,D2,>0,NA,5,8.05,1,L11,1.18,ambient_temp
EN687,2022-07-31 16:23:58,10,L11,11,39.7817,-70.8917,37.802,D2_5,D2,>0&<5,NA,5,4.18,1,L11,1.18,ambient_temp
EN687,2022-07-31 16:23:58,10,L11,11,39.7817,-70.8917,37.802,D2_20,D2,>0&<20,NA,5,6.995,1,L11,1.18,ambient_temp
EN687,2022-07-31 16:26:41,10,L11,15,39.7822,-70.8921,23.129,D3_GFF,D3,>0,NA,10,9.741,1,L11,1.25,ambient_temp
EN687,2022-07-31 16:26:41,10,L11,15,39.7822,-70.8921,23.129,D3_5,D3,>0&<5,NA,10,2.866,1,L11,1.25,ambient_temp
EN687,2022-07-31 16:26:41,10,L11,15,39.7822,-70.8921,23.129,D3_20,D3,>0&<20,NA,10,8.116,1,L11,1.25,ambient_temp
EN687,2022-07-31 16:30:58,10,L11,21,39.7831,-70.8928,2.601,D4_GFF,D4,>0,1,65,4.751,1,L11,1.37,ambient_temp
EN687,2022-07-31 16:30:58,10,L11,21,39.7831,-70.8928,2.601,D4_GFF,D4,>0,2,65,3.128,1,L11,1.37,ambient_temp
EN687,2022-07-31 16:30:58,10,L11,21,39.7831,-70.8928,2.601,D4_GFF,D4,>0,3,65,3.216,1,L11,1.37,ambient_temp
EN687,2022-07-31 16:30:58,10,L11,21,39.7831,-70.8928,2.601,D4_5,D4,>0&<5,NA,65,1.112,1,L11,1.37,ambient_temp
EN687,2022-07-31 16:30:58,10,L11,21,39.7831,-70.8928,2.601,D4_20,D4,>0&<20,NA,65,3.007,1,L11,1.37,ambient_temp
EN687,2022-08-02 03:41:37,18,L6,12,40.3592,-70.8784,19.179,D2_GFF_tank1,D2,>0,NA,10,14.466,1,L6,0.62,experiment_14deg
EN687,2022-08-02 03:41:37,18,L6,12,40.3592,-70.8784,19.179,D2_5_tank1,D2,>0&<5,NA,10,11.582,1,L6,0.62,experiment_14deg
EN687,2022-08-02 03:41:37,18,L6,12,40.3592,-70.8784,19.179,D2_20_tank1,D2,>0&<20,NA,10,13.019,1,L6,0.62,experiment_14deg
EN687,2022-07-31 16:23:58,10,L11,11,39.7817,-70.8917,37.802,D2_GFF_tank1,D2,>0,NA,5,6.41,1,L11,1.18,experiment_14deg
EN687,2022-07-31 16:23:58,10,L11,11,39.7817,-70.8917,37.802,D2_5_tank1,D2,>0&<5,NA,5,3.204,1,L11,1.18,experiment_14deg
EN687,2022-07-31 16:23:58,10,L11,11,39.7817,-70.8917,37.802,D2_20_tank1,D2,>0&<20,NA,5,6.137,1,L11,1.18,experiment_14deg
EN687,2022-08-01 13:42:13,16,L8,11,40.1446,-70.7735,36.407,D2_GFF_tank2,D2,>0,NA,10,6.146,1,L8,0.88,experiment_18deg
EN687,2022-08-01 13:42:13,16,L8,11,40.1446,-70.7735,36.407,D2_5_tank2,D2,>0&<5,NA,10,2.173,1,L8,0.88,experiment_18deg
EN687,2022-08-01 13:42:13,16,L8,11,40.1446,-70.7735,36.407,D2_20_tank2,D2,>0&<20,NA,10,6.074,1,L8,0.88,experiment_18deg
EN687,2022-08-02 03:41:37,18,L6,12,40.3592,-70.8784,19.179,D2_GFF_tank3,D2,>0,NA,10,37.883,1,L6,0.62,experiment_26deg
EN687,2022-08-02 03:41:37,18,L6,12,40.3592,-70.8784,19.179,D2_5_tank3,D2,>0&<5,NA,10,22.428,1,L6,0.62,experiment_26deg
EN687,2022-08-02 03:41:37,18,L6,12,40.3592,-70.8784,19.179,D2_20_tank3,D2,>0&<20,NA,10,34.437,1,L6,0.62,experiment_26deg
EN687,2022-08-01 13:42:13,16,L8,11,40.1446,-70.7735,36.407,D2_GFF_tank3,D2,>0,NA,10,13.592,1,L8,0.88,experiment_26deg
EN687,2022-08-01 13:42:13,16,L8,11,40.1446,-70.7735,36.407,D2_5_tank3,D2,>0&<5,NA,10,5.331,1,L8,0.88,experiment_26deg
EN687,2022-08-01 13:42:13,16,L8,11,40.1446,-70.7735,36.407,D2_20_tank3,D2,>0&<20,NA,10,11.202,1,L8,0.88,experiment_26deg
EN687,2022-07-31 16:23:58,10,L11,11,39.7817,-70.8917,37.802,D2_GFF_tank3,D2,>0,NA,5,9.278,1,L11,1.18,experiment_26deg
EN687,2022-07-31 16:23:58,10,L11,11,39.7817,-70.8917,37.802,D2_5_tank3,D2,>0&<5,NA,5,4.014,1,L11,1.18,experiment_26deg
EN687,2022-07-31 16:23:58,10,L11,11,39.7817,-70.8917,37.802,D2_20_tank3,D2,>0&<20,NA,5,7.961,1,L11,1.18,experiment_26deg
